Dates,VDX Index,DJITR Index
1/1/2014,12.9,32397.14
1/2/2014,13.31,32139.6
1/3/2014,12.89,32195.59
1/6/2014,12.68,32107.84
1/7/2014,12.17,32314.72
1/8/2014,12.29,32196.72
1/9/2014,12.39,32161.55
1/10/2014,11.84,32146.48
1/13/2014,12.65,31796.19
1/14/2014,11.93,32022.89
1/15/2014,11.58,32234.27
1/16/2014,11.94,32114.83
1/17/2014,11.64,32196.11
1/20/2014,11.64,32196.11
1/21/2014,12.38,32109.8
1/22/2014,12.66,32036.96
1/23/2014,13.63,31692.6
1/24/2014,17.43,31069.92
1/27/2014,16.69,30989.24
1/28/2014,15.32,31166.67
1/29/2014,16.8,30795.36
1/30/2014,16.82,31010.23
1/31/2014,17.91,30717.2
2/3/2014,20.67,30079.25
2/4/2014,18.55,30220.99
2/5/2014,19.03,30217.28
2/6/2014,16.78,30605.63
2/7/2014,14.91,30929.85
2/10/2014,15.04,30944.94
2/11/2014,14.09,31322.86
2/12/2014,13.97,31313.11
2/13/2014,13.83,31437.94
2/14/2014,13.15,31686.66
2/17/2014,13.15,31686.66
2/18/2014,13.7,31643.14
2/19/2014,14.96,31466.89
2/20/2014,14.4,31651.46
2/21/2014,14.2,31601.06
2/24/2014,13.81,31804.84
2/25/2014,13.41,31750.9
2/26/2014,13.7,31794.63
2/27/2014,13.27,31953.58
2/28/2014,13.22,32049.93
3/3/2014,15.19,31748.16
3/4/2014,13.55,32195.58
3/5/2014,13.44,32125.46
3/6/2014,13.46,32252.95
3/7/2014,13.37,32319.55
3/10/2014,13.65,32252.69
3/11/2014,14.03,32126.16
3/12/2014,13.83,32111.58
3/13/2014,15.54,31662.8
3/14/2014,16.76,31577.85
3/17/2014,14.81,31934.69
3/18/2014,14.06,32109.58
3/19/2014,14.5,31885.47
3/20/2014,13.96,32099.48
3/21/2014,14.29,32043.88
3/24/2014,14.13,31992.63
3/25/2014,13.57,32171.87
3/26/2014,14.27,31977.48
3/27/2014,13.72,31968.14
3/28/2014,13.55,32083.77
3/31/2014,13.16,32348.34
4/1/2014,12.44,32498.04
4/2/2014,12.51,32585.15
4/3/2014,12.73,32584.26
4/4/2014,13.12,32269.99
4/7/2014,14.51,31941.95
4/8/2014,14.07,31974.65
4/9/2014,12.87,32330.73
4/10/2014,14.64,31805.64
4/11/2014,15.51,31523.45
4/14/2014,14.67,31811.58
4/15/2014,14.13,31987.28
4/16/2014,12.83,32314.06
4/17/2014,12.42,32281.97
4/18/2014,12.42,32281.97
4/21/2014,12.59,32362.07
4/22/2014,12.39,32490.18
4/23/2014,12.36,32473.3
4/24/2014,12.4,32473.3
4/25/2014,13.07,32197.42
4/28/2014,12.9,32369.17
4/29/2014,12.76,32539.65
4/30/2014,12.52,32629.12
5/1/2014,12.47,32585.9
5/2/2014,12.29,32495.42
5/5/2014,12.55,32533.01
5/6/2014,13.01,32278.09
5/7/2014,12.63,32541.86
5/8/2014,12.56,32605.75
5/9/2014,12.12,32678.24
5/12/2014,11.43,32899.19
5/13/2014,11.4,32947.79
5/14/2014,11.54,32760.32
5/15/2014,12.08,32444.25
5/16/2014,11.39,32532.04
5/19/2014,11.53,32572.58
5/20/2014,12.17,32301.22
5/21/2014,11.15,32625.21
5/22/2014,11.19,32653.85
5/23/2014,10.47,32778.59
5/26/2014,10.47,32778.59
5/27/2014,10.87,32915.24
5/28/2014,11.12,32838.67
5/29/2014,10.94,32981.44
5/30/2014,10.69,33017.84
6/2/2014,11.08,33070.1
6/3/2014,11.21,33034.01
6/4/2014,11.44,33064.01
6/5/2014,11.27,33258.75
6/6/2014,10.48,33439.9
6/9/2014,10.72,33477.08
6/10/2014,10.68,33482.67
6/11/2014,11.25,33281.04
6/12/2014,11.97,33078.53
6/13/2014,11.79,33160.66
6/16/2014,12.27,33171.07
6/17/2014,11.96,33225.4
6/18/2014,10.58,33419.37
6/19/2014,10.44,33451.48
6/20/2014,10.6,33502.14
6/23/2014,10.19,33482.72
6/24/2014,11.17,33247.22
6/25/2014,11.02,33344.84
6/26/2014,11.15,33302.57
6/27/2014,11.02,33313.87
6/30/2014,11.06,33263.97
7/1/2014,10.47,33524.99
7/2/2014,10.18,33567.27
7/3/2014,9.71,33749.24
7/4/2014,9.71,33749.24
7/7/2014,10.75,33662.13
7/8/2014,11.21,33442.2
7/9/2014,10.79,33601.74
7/10/2014,11.75,33462.19
7/11/2014,11.21,33519.04
7/14/2014,10.82,33739.84
7/15/2014,11.16,33750.26
7/16/2014,10.3,33911.77
7/17/2014,13.35,33601.33
7/18/2014,11.59,33845.51
7/21/2014,12.01,33749.6
7/22/2014,11.43,33871.94
7/23/2014,11.3,33818.69
7/24/2014,11.39,33813.09
7/25/2014,12.04,33569.18
7/28/2014,12.01,33612.77
7/29/2014,12.56,33473.28
7/30/2014,12.7,33413.73
7/31/2014,15.74,32786.14
8/1/2014,16.11,32647.71
8/4/2014,14.48,32797.96
8/5/2014,15.73,32524.08
8/6/2014,15.2,32580.91
8/7/2014,15.63,32432.16
8/8/2014,14.8,32800.03
8/11/2014,13.71,32840.62
8/12/2014,13.51,32821.91
8/13/2014,12.37,33021.35
8/14/2014,11.77,33143.86
8/15/2014,12.83,33057.01
8/18/2014,11.47,33405.84
8/19/2014,11.2,33569.81
8/20/2014,10.98,33698.82
8/21/2014,10.73,33818.63
8/22/2014,10.75,33751.59
8/25/2014,10.83,33901.77
8/26/2014,10.69,33960.99
8/27/2014,10.7,33998.41
8/28/2014,11.05,33927.51
8/29/2014,11.37,33965.01
9/1/2014,11.37,33965.01
9/2/2014,11.74,33909.65
9/3/2014,11.79,33930.96
9/4/2014,12.04,33913.67
9/5/2014,11.5,34048.34
9/8/2014,11.89,34003.81
9/9/2014,12.61,33809.96
9/10/2014,12.32,33923.73
9/11/2014,12.27,33894.06
9/12/2014,12.64,33771.81
9/15/2014,13.12,33858.56
9/16/2014,12.31,34059.01
9/17/2014,11.77,34108.48
9/18/2014,10.99,34328.27
9/19/2014,11.03,34355.59
9/22/2014,12.17,34142.74
9/23/2014,13.39,33910.49
9/24/2014,12.01,34217.06
9/25/2014,14.02,33691.65
9/26/2014,13.25,34024.38
9/29/2014,13.93,33941.01
9/30/2014,14.33,33887.13
10/1/2014,14.76,33416.84
10/2/2014,14.19,33414.67
10/3/2014,12.98,33829.64
10/6/2014,13.36,33794.26
10/7/2014,14.86,33252.27
10/8/2014,13.36,33811.76
10/9/2014,15.7,33145.31
10/10/2014,17.11,32916.21
10/13/2014,16.66,32472.46
10/14/2014,15.92,32460.77
10/15/2014,17.4,32115.66
10/16/2014,19.63,32075.86
10/17/2014,17.06,32599.61
10/20/2014,16.78,32637.95
10/21/2014,14.69,33066.11
10/22/2014,16.23,32768.88
10/23/2014,15.27,33200.01
10/24/2014,14.91,33453.84
10/27/2014,14.97,33478.77
10/28/2014,13.71,33852.63
10/29/2014,13.73,33790.05
10/30/2014,13.53,34230.2
10/31/2014,13.21,34618.58
11/3/2014,13.99,34570.26
11/4/2014,14.02,34605.28
11/5/2014,13.46,34821.27
11/6/2014,13.14,34974.62
11/7/2014,12.61,35022.21
11/10/2014,12.44,35101.56
11/11/2014,12.61,35103.86
11/12/2014,12.85,35118.2
11/13/2014,12.85,35199.13
11/14/2014,12.82,35176.84
11/17/2014,13.2,35202.79
11/18/2014,13.22,35286.69
11/19/2014,13.49,35293.48
11/20/2014,13.12,35359.87
11/21/2014,12.57,35550.56
11/24/2014,12.37,35566.2
11/25/2014,12.15,35560.31
11/26/2014,12.19,35600.68
11/27/2014,12.19,35600.68
11/28/2014,13.27,35609.34
12/1/2014,14.13,35506.6
12/2/2014,13.28,35717.86
12/3/2014,13.07,35794.9
12/4/2014,13,35769.87
12/5/2014,11.98,35887.16
12/8/2014,14.25,35681.77
12/9/2014,14.92,35579.28
12/10/2014,17.51,35043.52
12/11/2014,18.75,35193.96
12/12/2014,20.45,34562.91
12/15/2014,19.39,34362.93
12/16/2014,21.48,34138.98
12/17/2014,19.19,34714.99
12/18/2014,16.39,35560.53
12/19/2014,16.05,35613.84
12/22/2014,14.3,35923.16
12/23/2014,14.12,36052.64
12/24/2014,14.22,36064.72
12/25/2014,14.22,36064.72
12/26/2014,14.01,36111.73
12/29/2014,14.49,36080.78
12/30/2014,14.81,35970.43
12/31/2014,16.63,35650.39
1/1/2015,16.63,35650.39
1/2/2015,16.07,35677.81
1/5/2015,17.88,35014.91
1/6/2015,18.46,34754.8
1/7/2015,17.32,35197.16
1/8/2015,15.77,35844.37
1/9/2015,16.27,35503.09
1/12/2015,17.01,35309.9
1/13/2015,17.61,35255.52
1/14/2015,18.53,34882.04
1/15/2015,19,34678.11
1/16/2015,18.27,35060.24
1/19/2015,18.27,35060.24
1/20/2015,18.44,35067.57
1/21/2015,17.64,35154.02
1/22/2015,15.43,35674.1
1/23/2015,15.84,35390.97
1/26/2015,15.08,35403.19
1/27/2015,16.85,34819.45
1/28/2015,19.34,34427.27
1/29/2015,16.8,34878.8
1/30/2015,19.95,34374.35
2/2/2015,18.86,34767.04
2/3/2015,16.94,35378.56
2/4/2015,17.51,35398.49
2/5/2015,16.48,35822.84
2/6/2015,16.97,35724.51
2/9/2015,17.94,35533.95
2/10/2015,17.03,35813.64
2/11/2015,16.94,35845.75
2/12/2015,15.8,36080.76
2/13/2015,14.85,36175.07
2/16/2015,14.85,36175.07
2/17/2015,15.48,36235.73
2/18/2015,15.16,36200.14
2/19/2015,14.97,36114.59
2/20/2015,13.88,36434.19
2/23/2015,14.03,36386.79
2/24/2015,13.05,36572.26
2/25/2015,13.18,36603.16
2/26/2015,13.31,36605.09
2/27/2015,13.23,36440.86
3/2/2015,12.96,36754.22
3/3/2015,13.47,36582.89
3/4/2015,13.89,36368.91
3/5/2015,13.6,36446.93
3/6/2015,14.7,35893.45
3/9/2015,14.35,36172.73
3/10/2015,15.67,35511.42
3/11/2015,16.14,35467.2
3/12/2015,14.84,35999.83
3/13/2015,15.44,35706.31
3/16/2015,15.3,36165.2
3/17/2015,15.42,35907.01
3/18/2015,13.79,36363.89
3/19/2015,13.94,36128.2
3/20/2015,13.03,36467.42
3/23/2015,13.42,36444.07
3/24/2015,13.64,36233.04
3/25/2015,15.38,35644.4
3/26/2015,15.52,35563.32
3/27/2015,15.06,35632.59
3/30/2015,14.48,36162.97
3/31/2015,15.41,35766.56
4/1/2015,15.25,35615.11
4/2/2015,15.04,35746.04
4/3/2015,15.04,35746.04
4/6/2015,14.86,35982.71
4/7/2015,14.79,35971.77
4/8/2015,14.34,36033.67
4/9/2015,13.75,36146.83
4/10/2015,13.34,36345.94
4/13/2015,14.49,36183.7
4/14/2015,13.93,36303.77
4/15/2015,13.23,36456.55
4/16/2015,12.81,36452.18
4/17/2015,14.27,35889.54
4/20/2015,13.45,36309.58
4/21/2015,13.77,36137.75
4/22/2015,13.52,36316.29
4/23/2015,13.39,36366.31
4/24/2015,13.3,36409.51
4/27/2015,13.96,36324.58
4/28/2015,13.38,36469.92
4/29/2015,14.1,36319.68
4/30/2015,15.09,35926.96
5/1/2015,13.79,36296.57
5/4/2015,13.88,36389.89
5/5/2015,14.82,36106.76
5/6/2015,15.45,35973.17
5/7/2015,15.37,36145.65
5/8/2015,13.54,36684.19
5/11/2015,13.84,36520.69
5/12/2015,13.8,36446.19
5/13/2015,13.7,36447.4
5/14/2015,12.9,36834.36
5/15/2015,12.44,36889.77
5/18/2015,12.85,36942.92
5/19/2015,12.82,36974.38
5/20/2015,12.87,36933.69
5/21/2015,12.46,36944.47
5/22/2015,12.59,36835.94
5/25/2015,12.59,36835.94
5/26/2015,14.14,36451.1
5/27/2015,13.51,36696.47
5/28/2015,13.58,36645.98
5/29/2015,13.92,36412.59
6/1/2015,14.14,36472.62
6/2/2015,14.37,36423.11
6/3/2015,13.83,36553.19
6/4/2015,15.06,36208.02
6/5/2015,14.66,36094.54
6/8/2015,15.34,35935.11
6/9/2015,14.96,35930.04
6/10/2015,13.56,36408.1
6/11/2015,13.15,36504.2
6/12/2015,13.85,36219.82
6/15/2015,15.38,36001.95
6/16/2015,14.92,36231.23
6/17/2015,14.57,36294.5
6/18/2015,13.45,36662.06
6/19/2015,13.82,36459.89
6/22/2015,12.97,36670.02
6/23/2015,12.47,36719.18
6/24/2015,13.63,36358.95
6/25/2015,14.38,36205.74
6/26/2015,14.15,36319.72
6/29/2015,18.69,35610.74
6/30/2015,18.3,35661.51
7/1/2015,16.39,35959.34
7/2/2015,17,35903.06
7/3/2015,17,35903.06
7/6/2015,17.09,35808.83
7/7/2015,16.27,35997.83
7/8/2015,19.24,35475.75
7/9/2015,19.17,35543
7/10/2015,16.84,35971.96
7/13/2015,13.66,36412.01
7/14/2015,13.03,36565.73
7/15/2015,13.05,36558.83
7/16/2015,12.31,36711.2
7/17/2015,12.11,36642.71
7/20/2015,12.79,36671
7/21/2015,12.8,36304.05
7/22/2015,12.69,36174.76
7/23/2015,13.37,35933.36
7/24/2015,13.99,35602.26
7/27/2015,15.79,35342.99
7/28/2015,14.1,35727.36
7/29/2015,13.28,35972.82
7/30/2015,12.96,35961.86
7/31/2015,12.96,35848.13
8/3/2015,13.62,35662.37
8/4/2015,13.95,35566.11
8/5/2015,13.76,35571.39
8/6/2015,14.76,35351.22
8/7/2015,14.67,35257.13
8/10/2015,13.7,35747.8
8/11/2015,15.3,35326.82
8/12/2015,15.63,35341.6
8/13/2015,14.67,35353.27
8/14/2015,14.13,35493.7
8/17/2015,13.81,35645.86
8/18/2015,14.3,35581.32
8/19/2015,15.68,35264.81
8/20/2015,19.73,34537.03
8/21/2015,28.03,33467.97
8/24/2015,33.11,32271.56
8/25/2015,34.51,31854.92
8/26/2015,29.61,33113.68
8/27/2015,25.51,33864.51
8/28/2015,25.31,33860.97
8/31/2015,27.01,33627.04
9/1/2015,29.8,32679.48
9/2/2015,25.2,33275.81
9/3/2015,24.83,33327.2
9/4/2015,26.92,32772.82
9/7/2015,26.92,32772.82
9/8/2015,24.86,33575.5
9/9/2015,25.4,33095.52
9/10/2015,24.77,33251.96
9/11/2015,23,33471.66
9/14/2015,23.5,33345.11
9/15/2015,21.87,33811.33
9/16/2015,20.51,34096.69
9/17/2015,21.44,33967.01
9/18/2015,21.36,33375.94
9/21/2015,19.4,33631.8
9/22/2015,21.14,33265.71
9/23/2015,20.8,33162.68
9/24/2015,22.12,33002.64
9/25/2015,21.94,33233.52
9/28/2015,25.06,32596.39
9/29/2015,24.43,32692.61
9/30/2015,22.53,33172.48
10/1/2015,21.59,33149.48
10/2/2015,19.95,33563.66
10/5/2015,18.87,34183.19
10/6/2015,18.52,34211.23
10/7/2015,17.64,34471.65
10/8/2015,16.96,34753.88
10/9/2015,16.56,34822.65
10/12/2015,14.59,34919.2
10/13/2015,16.2,34817.33
10/14/2015,16.42,34497.05
10/15/2015,14.7,34939.35
10/16/2015,14.37,35090.64
10/19/2015,14.14,35120.33
10/20/2015,14.72,35092.96
10/21/2015,15.72,35003.12
10/22/2015,14.25,35667.15
10/23/2015,14.19,35988.44
10/26/2015,15,35940.2
10/27/2015,15.33,35855.32
10/28/2015,14.42,36259.31
10/29/2015,14.62,36210.94
10/30/2015,15.08,36022.77
11/2/2015,14.29,36359.72
11/3/2015,14.54,36542.03
11/4/2015,15.27,36458.37
11/5/2015,14.92,36457.01
11/6/2015,14.2,36570.45
11/9/2015,15.99,36213.17
11/10/2015,15.26,36285.63
11/11/2015,15.69,36171.23
11/12/2015,17.55,35651.93
11/13/2015,19.17,35237.47
11/16/2015,17.42,35737.93
11/17/2015,17.8,35756.1
11/18/2015,16.36,36276.44
11/19/2015,16.18,36267.42
11/20/2015,14.92,36463.91
11/23/2015,15.15,36400.22
11/24/2015,15.3,36440.13
11/25/2015,14.79,36442.59
11/26/2015,14.79,36442.59
11/27/2015,15.13,36428.78
11/30/2015,15.83,36276.86
12/1/2015,15,36629.74
12/2/2015,15.84,36318.37
12/3/2015,17.6,35802.14
12/4/2015,14.96,36559.99
12/7/2015,15.71,36324.46
12/8/2015,17.31,35999.86
12/9/2015,18.5,35844.75
12/10/2015,18.21,36023.41
12/11/2015,22.57,35395.25
12/14/2015,20.89,35607.01
12/15/2015,19.26,35927.65
12/16/2015,16.69,36387.24
12/17/2015,17.53,35871.22
12/18/2015,19.3,35118.17
12/21/2015,18.13,35370.49
12/22/2015,16.44,35710.13
12/23/2015,15.71,36090.11
12/24/2015,15.65,35986.7
12/25/2015,15.65,35986.7
12/28/2015,16.73,35937.7
12/29/2015,15.92,36332.81
12/30/2015,16.56,36092.71
12/31/2015,17.01,35726.03
1/1/2016,17.01,35726.03
1/4/2016,19.12,35169.1
1/5/2016,18.89,35189.04
1/6/2016,19.62,34683.93
1/7/2016,22.87,33878.9
1/8/2016,25.05,33534.97
1/11/2016,22.72,33641.88
1/12/2016,21.52,33883.25
1/13/2016,23.47,33134.84
1/14/2016,22.5,33601.84
1/15/2016,25.57,32810.58
1/18/2016,25.57,32810.58
1/19/2016,25.18,32867.92
1/20/2016,26.98,32365.67
1/21/2016,25.46,32603.67
1/22/2016,21.93,33036.45
1/25/2016,23.46,32608.87
1/26/2016,21.85,33187.79
1/27/2016,22.19,32730.48
1/28/2016,21.63,32987.46
1/29/2016,19.57,33801.7
2/1/2016,19.86,33766.56
2/2/2016,21.33,33159.67
2/3/2016,20.99,33543.46
2/4/2016,20.94,33714.86
2/5/2016,22.13,33280.27
2/8/2016,24.66,32933.16
2/9/2016,25.21,32917.4
2/10/2016,25.07,32748.9
2/11/2016,27.39,32225.09
2/12/2016,24.58,32870.52
2/15/2016,24.58,32870.52
2/16/2016,23.29,33348.67
2/17/2016,21.35,33889.72
2/18/2016,20.51,33806.5
2/19/2016,19.46,33772.93
2/22/2016,18.44,34244.05
2/23/2016,19.87,33854.9
2/24/2016,19.94,33964.54
2/25/2016,18.2,34405.19
2/26/2016,19.09,34299.63
2/29/2016,19.77,34054.29
3/1/2016,17.51,34773.01
3/2/2016,16.82,34843.61
3/3/2016,16.71,34937.79
3/4/2016,16.77,35067.42
3/7/2016,16.99,35205.95
3/8/2016,17.67,34997.8
3/9/2016,17.54,35086.74
3/10/2016,17.27,35075.93
3/11/2016,16.37,35537.69
3/14/2016,16.12,35570.35
3/15/2016,15.84,35616.58
3/16/2016,14.34,35769.85
3/17/2016,13.59,36091.36
3/18/2016,13.25,36340.77
3/21/2016,13.41,36385.3
3/22/2016,13.79,36300.05
3/23/2016,14.33,36134.91
3/24/2016,14.19,36162.05
3/25/2016,14.19,36162.05
3/28/2016,14.65,36202.63
3/29/2016,13.69,36404.39
3/30/2016,13.26,36576.88
3/31/2016,13.74,36511.7
4/1/2016,13.59,36733.96
4/4/2016,14.28,36628.77
4/5/2016,15.4,36352.71
4/6/2016,14.74,36597.59
4/7/2016,15.7,36237.97
4/8/2016,15.33,36310.26
4/11/2016,14.91,36267.82
4/12/2016,13.97,36608.34
4/13/2016,12.85,36994.7
4/14/2016,12.72,37041.66
4/15/2016,12.79,36981.8
4/18/2016,13.11,37202.27
4/19/2016,12.78,37304.44
4/20/2016,12.99,37392.6
4/21/2016,13.49,37168.45
4/22/2016,13.15,37212.33
4/25/2016,13.84,37157.55
4/26/2016,13.93,37184.59
4/27/2016,13.65,37290.47
4/28/2016,14.88,36854.78
4/29/2016,15.01,36736.72
5/2/2016,14.52,36979.62
5/3/2016,15.28,36689.73
5/4/2016,15.67,36487.46
5/5/2016,15.58,36515.06
5/6/2016,14.43,36700.13
5/9/2016,14.49,36628.3
5/10/2016,13.82,37088.45
5/11/2016,14.78,36683.83
5/12/2016,14.34,36703.27
5/13/2016,15.22,36319.72
5/16/2016,14.46,36682.98
5/17/2016,15.06,36328.94
5/18/2016,15.31,36347.1
5/19/2016,15.74,36157.93
5/20/2016,14.48,36305.21
5/23/2016,14.67,36288.59
5/24/2016,13.57,36730.7
5/25/2016,13.14,37032.45
5/26/2016,12.81,36984.29
5/27/2016,12.44,37086.72
5/30/2016,12.44,37086.72
5/31/2016,13.7,36918.04
6/1/2016,13.57,36923.16
6/2/2016,13.09,37039.57
6/3/2016,12.66,36974.16
6/6/2016,13.24,37209.35
6/7/2016,12.79,37246.61
6/8/2016,13.11,37394.78
6/9/2016,13.72,37353.53
6/10/2016,14.86,37104.62
6/13/2016,18.44,36840.21
6/14/2016,18.2,36720.41
6/15/2016,18.17,36657.31
6/16/2016,17.7,36853.7
6/17/2016,17.68,36733.3
6/20/2016,16.79,37002.86
6/21/2016,17.16,37054.52
6/22/2016,19.3,36952.9
6/23/2016,16.3,37431.4
6/24/2016,22.71,36163
6/27/2016,21.95,35621.6
6/28/2016,17.97,36181.65
6/29/2016,15.87,36777.99
6/30/2016,15.15,37267.07
7/1/2016,14.26,37314.18
7/4/2016,14.26,37314.18
7/5/2016,15.08,37091.81
7/6/2016,15.58,37262.02
7/7/2016,14.72,37224.85
7/8/2016,13.43,37746.65
7/11/2016,12.61,37913.46
7/12/2016,12.76,38164.6
7/13/2016,12.27,38215.45
7/14/2016,12.08,38494.8
7/15/2016,11.75,38515.88
7/18/2016,12.09,38561.18
7/19/2016,11.7,38615.19
7/20/2016,11.65,38699.68
7/21/2016,12.59,38537.77
7/22/2016,12,38649.36
7/25/2016,13,38487.45
7/26/2016,13.02,38447.26
7/27/2016,12.43,38443.98
7/28/2016,12.24,38411.06
7/29/2016,11.98,38360.89
8/1/2016,12.56,38303.17
8/2/2016,13.17,38114.32
8/3/2016,12.79,38208.1
8/4/2016,12.53,38210.1
8/5/2016,11.85,38608.77
8/8/2016,11.76,38599.07
8/9/2016,11.41,38606.92
8/10/2016,11.69,38562.41
8/11/2016,11.62,38813.57
8/12/2016,11.61,38736.31
8/15/2016,11.44,38860.55
8/16/2016,12.1,38690.47
8/17/2016,11.6,38778.73
8/18/2016,11.16,38828.35
8/19/2016,11.09,38745.56
8/22/2016,11.92,38697.22
8/23/2016,12.11,38734.55
8/24/2016,12.72,38597.11
8/25/2016,12.94,38528.03
8/26/2016,12.97,38417.33
8/29/2016,12.72,38642.02
8/30/2016,12.64,38572.22
8/31/2016,12.78,38460.57
9/1/2016,12.85,38501.37
9/2/2016,11.65,38653.25
9/5/2016,11.65,38653.25
9/6/2016,11.98,38749.73
9/7/2016,12.05,38743.22
9/8/2016,12.06,38646.54
9/9/2016,16.48,37821.61
9/12/2016,13.34,38322.73
9/13/2016,16.55,37794.12
9/14/2016,16.75,37727.21
9/15/2016,14.9,38102.27
9/16/2016,14.61,37916.73
9/19/2016,14.86,37909.14
9/20/2016,15.39,37929.63
9/21/2016,13.13,38272.19
9/22/2016,12.08,38478.79
9/23/2016,12.45,38204.71
9/26/2016,14.82,37856.13
9/27/2016,13.52,38135.37
9/28/2016,13.01,38367.47
9/29/2016,14.7,37957.85
9/30/2016,13.76,38302.42
10/3/2016,14.15,38192.53
10/4/2016,14.47,38020.73
10/5/2016,13.94,38269.2
10/6/2016,13.93,38242.97
10/7/2016,14.17,38184.33
10/10/2016,13.63,38369.7
10/11/2016,15.04,37950.22
10/12/2016,15.25,37982.77
10/13/2016,15.82,37888
10/14/2016,15.48,37970.58
10/17/2016,15.62,37861.77
10/18/2016,15.06,38019.9
10/19/2016,14.32,38114.65
10/20/2016,13.81,38041.37
10/21/2016,13.78,38006.52
10/24/2016,13.68,38168.46
10/25/2016,14,38055.86
10/26/2016,14.59,38118.83
10/27/2016,15.42,38056.72
10/28/2016,16.35,38038.94
10/31/2016,17.29,37999.63
11/1/2016,18.31,37779.02
11/2/2016,18.58,37616.79
11/3/2016,20.63,37568.03
11/4/2016,21.46,37479.21
11/7/2016,18,38257.18
11/8/2016,17.93,38461.22
11/9/2016,14.62,39000.28
11/10/2016,14.55,39463.49
11/11/2016,15.02,39546.98
11/14/2016,13.96,39591.09
11/15/2016,13.3,39710.79
11/16/2016,13.61,39638.86
11/17/2016,13.56,39713.82
11/18/2016,13.14,39649.94
11/21/2016,12.66,39836.45
11/22/2016,12.55,39977.63
11/23/2016,12.77,40102.26
11/24/2016,12.77,40102.26
11/25/2016,12.81,40247.18
11/28/2016,13.66,40133.2
11/29/2016,13.17,40220.84
11/30/2016,13.5,40234.02
12/1/2016,13.62,40380.41
12/2/2016,13.58,40335.17
12/5/2016,12.32,40431.56
12/6/2016,12.22,40506.35
12/7/2016,12.07,41149.85
12/8/2016,13.21,41298.33
12/9/2016,12.41,41597.38
12/12/2016,12.09,41680.72
12/13/2016,12.29,41929.16
12/14/2016,12.54,41679.24
12/15/2016,12.3,41804.99
12/16/2016,11.77,41786.39
12/19/2016,11.48,41869.88
12/20/2016,11.45,42062.7
12/21/2016,11.36,41993.91
12/22/2016,11.49,41948.77
12/23/2016,11.54,41980.21
12/26/2016,11.54,41980.21
12/27/2016,12.31,42003.86
12/28/2016,12.91,41769.35
12/29/2016,13.32,41740.08
12/30/2016,13.88,41619.65
1/2/2017,13.88,41619.65
1/3/2017,13.08,41870.6
1/4/2017,12.27,42013.09
1/5/2017,12.04,41922.77
1/6/2017,11.79,42067.02
1/9/2017,12.05,41905.97
1/10/2017,12.05,41838.87
1/11/2017,11.7,42046.96
1/12/2017,11.83,41913.62
1/13/2017,11.73,41902.51
1/16/2017,11.73,41902.51
1/17/2017,12.22,41778.26
1/18/2017,12.79,41752.57
1/19/2017,12.74,41600.1
1/20/2017,11.47,41800.07
1/23/2017,11.88,41742.32
1/24/2017,11.16,41980.25
1/25/2017,10.85,42308.71
1/26/2017,10.67,42377
1/27/2017,10.56,42361.98
1/30/2017,12.13,42103.4
1/31/2017,12.25,41877.74
2/1/2017,11.93,41938.96
2/2/2017,12.1,41926.25
2/3/2017,11.36,42323.33
2/6/2017,11.39,42283.19
2/7/2017,11.4,42363.04
2/8/2017,11.81,42338.78
2/9/2017,11.22,42596.28
2/10/2017,10.98,42801.05
2/13/2017,10.84,43108.1
2/14/2017,10.72,43324.1
2/15/2017,11.79,43580.11
2/16/2017,11.6,43596.83
2/17/2017,11.33,43605.88
2/20/2017,11.33,43605.88
2/21/2017,11.74,43857.39
2/22/2017,11.71,43926.31
2/23/2017,11.71,44003.2
2/24/2017,11.34,44038.97
2/27/2017,12.32,44085.75
2/28/2017,12.94,44041.85
3/1/2017,12.41,44683.7
3/2/2017,11.86,44448.06
3/3/2017,11.26,44453.86
3/6/2017,11.34,44345.16
3/7/2017,11.15,44295.45
3/8/2017,11.68,44175.49
3/9/2017,12.07,44180.71
3/10/2017,11.52,44275.58
3/13/2017,10.37,44242.21
3/14/2017,11.4,44148.77
3/15/2017,7.58,44387.6
3/16/2017,10.56,44354.66
3/17/2017,10.33,44312.44
3/20/2017,10.46,44293.87
3/21/2017,11.98,43789.95
3/22/2017,12.38,43775.73
3/23/2017,12.21,43765.71
3/24/2017,12.31,43638.9
3/27/2017,12.12,43541.97
3/28/2017,10.98,43860.9
3/29/2017,10.99,43771.52
3/30/2017,10.97,43918.07
3/31/2017,11.44,43779.79
4/3/2017,11.59,43752.22
4/4/2017,11.23,43846.39
4/5/2017,12.33,43763.95
4/6/2017,11.86,43803.69
4/7/2017,12.14,43789.17
4/10/2017,12.64,43793.23
4/11/2017,13.98,43779.01
4/12/2017,14.13,43652.99
4/13/2017,14.58,43359.15
4/14/2017,14.58,43359.15
4/17/2017,13.71,43748.52
4/18/2017,13.77,43507.6
4/19/2017,14.36,43265.79
4/20/2017,13.04,43646.4
4/21/2017,13.84,43580.74
4/24/2017,10.3,44039.15
4/25/2017,10.36,44531.69
4/26/2017,10.4,44487.1
4/27/2017,10.22,44500.32
4/28/2017,10.49,44413.75
5/1/2017,10.31,44356.37
5/2/2017,10.66,44433.65
5/3/2017,10.73,44454.6
5/4/2017,10.95,44440.94
5/5/2017,10.78,44558.61
5/8/2017,10.41,44591.73
5/9/2017,10.59,44514.26
5/10/2017,10.94,44488.83
5/11/2017,10.84,44453.19
5/12/2017,10.63,44404.73
5/15/2017,10.38,44586.05
5/16/2017,10.42,44587.07
5/17/2017,13.7,43839.56
5/18/2017,13.47,43958.88
5/19/2017,11.09,44260.61
5/22/2017,10.12,44452.05
5/23/2017,10.19,44543.69
5/24/2017,9.71,44702.21
5/25/2017,9.92,44864.51
5/26/2017,9.6,44858.82
5/29/2017,9.6,44858.82
5/30/2017,10.28,44774.59
5/31/2017,10.3,44730.26
6/1/2017,9.9,45035.15
6/2/2017,10.04,45167.45
6/5/2017,10.64,45120.04
6/6/2017,11.06,45018.23
6/7/2017,10.83,45108.52
6/8/2017,10.56,45127.34
6/9/2017,10.59,45317.88
6/12/2017,10.61,45240.56
6/13/2017,10.03,45450.5
6/14/2017,9.99,45548.72
6/15/2017,10.46,45531.94
6/16/2017,9.83,45583.91
6/19/2017,9.94,45892.37
6/20/2017,10.36,45760.54
6/21/2017,10.4,45638.79
6/22/2017,10.22,45611.64
6/23/2017,9.71,45606.24
6/26/2017,9.85,45637.77
6/27/2017,10.86,45426.97
6/28/2017,9.88,45733.83
6/29/2017,10.59,45376.61
6/30/2017,10.53,45510.04
7/3/2017,10.88,45793.68
7/4/2017,10.88,45793.68
7/5/2017,10.86,45800.25
7/6/2017,11.86,45482.88
7/7/2017,11.05,45684.06
7/10/2017,10.87,45671.64
7/11/2017,10.85,45672.81
7/12/2017,10.2,45935.35
7/13/2017,9.91,45980.05
7/14/2017,9.76,46160.63
7/17/2017,9.97,46143.54
7/18/2017,9.88,46037.62
7/19/2017,9.67,46188.57
7/20/2017,9.63,46126.74
7/21/2017,9.55,46059.06
7/24/2017,9.63,45916.26
7/25/2017,9.84,46130.25
7/26/2017,9.7,46338.53
7/27/2017,10.14,46526.65
7/28/2017,10.46,46598.72
7/31/2017,10.37,46728.53
8/1/2017,10.05,46883.92
8/2/2017,10.65,47000.28
8/3/2017,10.26,47025.32
8/4/2017,10.33,47167.73
8/7/2017,10.61,47222.41
8/8/2017,11.47,47173.72
8/9/2017,11.57,47123.7
8/10/2017,15.07,46706.7
8/11/2017,13.89,46737.3
8/14/2017,12.04,47026.8
8/15/2017,11.34,47043.78
8/16/2017,11.12,47127.62
8/17/2017,13.93,46541.04
8/18/2017,13.28,46377.94
8/21/2017,12.53,46440.51
8/22/2017,10.9,46860.19
8/23/2017,11.72,46689.55
8/24/2017,11.59,46628.13
8/25/2017,11.19,46705.24
8/28/2017,11.46,46693.95
8/29/2017,11.66,46839.99
8/30/2017,11.58,46911.73
8/31/2017,11.12,47033.68
9/1/2017,10.62,47118.22
9/4/2017,10.62,47118.22
9/5/2017,12.45,46616.25
9/6/2017,11.77,46732.67
9/7/2017,11.47,46705.37
9/8/2017,12.01,46733.27
9/11/2017,9.63,47289.8
9/12/2017,10.01,47421.63
9/13/2017,9.96,47505.92
9/14/2017,9.84,47615.45
9/15/2017,9.84,47758.09
9/18/2017,9.76,47893.21
9/19/2017,9.95,47977.82
9/20/2017,9.83,48067.46
9/21/2017,9.88,47953.01
9/22/2017,10.01,47932.34
9/25/2017,10.35,47817.6
9/26/2017,10.52,47792.35
9/27/2017,10.32,47913.29
9/28/2017,10.12,48000.12
9/29/2017,10.37,48051.36
10/2/2017,10.21,48378.45
10/3/2017,10.11,48558.75
10/4/2017,10.09,48605.86
10/5/2017,10.03,48863.27
10/6/2017,10.07,48868.29
10/9/2017,10.57,48841.26
10/10/2017,10.77,48990.63
10/11/2017,10.63,49081.2
10/12/2017,10.4,49012.79
10/13/2017,10.19,49078.69
10/16/2017,10.05,49261.6
10/17/2017,10.42,49348.48
10/18/2017,10.93,49692.14
10/19/2017,11.39,49714.01
10/20/2017,11.69,50080.94
10/23/2017,12.52,49963.58
10/24/2017,13.59,50323.8
10/25/2017,12.66,50082.72
10/26/2017,13.31,50236
10/27/2017,11.89,50307.54
10/30/2017,12.55,50124.1
10/31/2017,11,50185.3
11/1/2017,10.83,50309.32
11/2/2017,10.9,50483.74
11/3/2017,10.23,50532.96
11/6/2017,10.4,50556.79
11/7/2017,10.41,50575.71
11/8/2017,10.26,50588.87
11/9/2017,11.35,50419.02
11/10/2017,11.57,50354.36
11/13/2017,11.56,50391.96
11/14/2017,11.95,50332.6
11/15/2017,13.53,50041.69
11/16/2017,12.32,50473.22
11/17/2017,12.38,50257.81
11/20/2017,11.48,50412.92
11/21/2017,10.67,50758.26
11/22/2017,10.92,50636.55
11/23/2017,10.92,50636.55
11/24/2017,11.21,50705.02
11/27/2017,10.99,50766.52
11/28/2017,10.52,51317.51
11/29/2017,12.78,51565.66
11/30/2017,13.42,52311.63
12/1/2017,14.11,52226.75
12/4/2017,14.07,52352.74
12/5/2017,13.83,52116.93
12/6/2017,13.24,52031.3
12/7/2017,12.65,52190.98
12/8/2017,11.68,52467.8
12/11/2017,11.04,52590.45
12/12/2017,11.41,52846.6
12/13/2017,11.34,53020.48
12/14/2017,11.6,52862.04
12/15/2017,10.57,53170.64
12/18/2017,11.6,53473.6
12/19/2017,11.45,53392.81
12/20/2017,10.58,53332.22
12/21/2017,11.4,53452.22
12/22/2017,10.51,53391.33
12/25/2017,10.51,53391.33
12/26/2017,10.91,53376.18
12/27/2017,10.59,53436.77
12/28/2017,11.02,53573.11
12/29/2017,11.78,53317.96
1/1/2018,11.78,53317.96
1/2/2018,11.05,53544
1/3/2018,10.47,53756.82
1/4/2018,10.09,54103.46
1/5/2018,10.21,54579.75
1/8/2018,10.52,54551.97
1/9/2018,10.91,54782.54
1/10/2018,10.66,54746.59
1/11/2018,10.54,55190.27
1/12/2018,10.9,55683.28
1/15/2018,10.9,55683.28
1/16/2018,12.58,55661
1/17/2018,13,56357.58
1/18/2018,12.95,56156.68
1/19/2018,12.07,56284.64
1/22/2018,12.58,56593.08
1/23/2018,12.76,56584.9
1/24/2018,13.02,56674.09
1/25/2018,13.22,56977.77
1/26/2018,12.73,57461.17
1/29/2018,14.89,57078.55
1/30/2018,15.64,56295.78
1/31/2018,14.67,56452.31
2/1/2018,14.6,56537.93
2/2/2018,17.32,55100.55
2/5/2018,22.9,52563.24
2/6/2018,25.35,53791.9
2/7/2018,21.49,53749.98
2/8/2018,28.43,51567.48
2/9/2018,28.2,52302.45
2/12/2018,26.39,53189.71
2/13/2018,23.93,53274.41
2/14/2018,21.29,53827.75
2/15/2018,20.04,54541.81
2/16/2018,18.83,54582.94
2/19/2018,18.83,54582.94
2/20/2018,19.8,54031.85
2/21/2018,19.56,53670.47
2/22/2018,18.25,54026.93
2/23/2018,16.19,54780.84
2/26/2018,15.83,55657.58
2/27/2018,17.98,55015.42
2/28/2018,18.26,54217.11
3/1/2018,20.86,53306.85
3/2/2018,19.46,53156.21
3/5/2018,18.63,53885.59
3/6/2018,18.37,53905.88
3/7/2018,18.36,53741.95
3/8/2018,17.67,53975
3/9/2018,15.66,54930.11
3/12/2018,14.72,54589.45
3/13/2018,15.45,54217.44
3/14/2018,16.24,53690.77
3/15/2018,16.08,53941.33
3/16/2018,15.02,54099.31
3/19/2018,17.85,53371.53
3/20/2018,17.85,53623.88
3/21/2018,17.65,53526.37
3/22/2018,22.06,51955.39
3/23/2018,22.89,51034.39
3/26/2018,21.45,52486.07
3/27/2018,23.84,51738.13
3/28/2018,24.35,51717.97
3/29/2018,21.53,52270.3
3/30/2018,21.53,52270.3
4/2/2018,24.74,51275.1
4/3/2018,22.33,52119.04
4/4/2018,21.49,52624.79
4/5/2018,20.2,53160.89
4/6/2018,23.13,51919.02
4/9/2018,23.18,52028.36
4/10/2018,22.04,52958.95
4/11/2018,22.08,52484.77
4/12/2018,20.21,53121.79
4/13/2018,19.24,52855.12
4/16/2018,18.61,53317.05
4/17/2018,17.66,53780.48
4/18/2018,17.88,53696.82
4/19/2018,17.77,53527.06
4/20/2018,18.56,53100.45
4/23/2018,17.63,53069.51
4/24/2018,18.8,52147.95
4/25/2018,18.63,52277.53
4/26/2018,17.41,52795.25
4/27/2018,16.89,52771.04
4/30/2018,17.64,52449.71
5/1/2018,17.33,52310.56
5/2/2018,17.53,51932.73
5/3/2018,17.44,51943.94
5/4/2018,16.53,52669.86
5/7/2018,16.5,52875.68
5/8/2018,16.2,52881.96
5/9/2018,15.4,53301.23
5/10/2018,14.97,53767.48
5/11/2018,14.62,53989.85
5/14/2018,14.2,54138.22
5/15/2018,15.62,53718.58
5/16/2018,14.62,53860.81
5/17/2018,14.2,53792.08
5/18/2018,14.28,53794.48
5/21/2018,14.07,54443.55
5/22/2018,14.21,54054.2
5/23/2018,13.54,54168.25
5/24/2018,13.4,54004.89
5/25/2018,13.91,53890.69
5/28/2018,13.91,53890.69
5/29/2018,17.29,53038.03
5/30/2018,15.55,53738.09
5/31/2018,16.15,53189.25
6/1/2018,14.37,53685.29
6/4/2018,14.16,54074.22
6/5/2018,14.02,54044.36
6/6/2018,13.31,54799.25
6/7/2018,13.46,55017.87
6/8/2018,13.53,55181.61
6/11/2018,12.9,55194.21
6/12/2018,12.81,55190.76
6/13/2018,12.96,54930.22
6/14/2018,12.71,54886.85
6/15/2018,12.73,54717.22
6/18/2018,13.03,54492.58
6/19/2018,14.84,53866.13
6/20/2018,14.47,53773.63
6/21/2018,15.8,53345.98
6/22/2018,14.83,53605.9
6/25/2018,17.71,52890.4
6/26/2018,16.63,52956.5
6/27/2018,17.93,52595.55
6/28/2018,17.13,52810.26
6/29/2018,16.34,52930.99
7/2/2018,16.21,53009
7/3/2018,16.79,52720.35
7/4/2018,16.79,52720.35
7/5/2018,16.01,53135.42
7/6/2018,14.7,53365.44
7/9/2018,14,54072.67
7/10/2018,13.61,54384.9
7/11/2018,14.6,53906.49
7/12/2018,13.73,54396.3
7/13/2018,13.15,54602.58
7/16/2018,13.1,54700.69
7/17/2018,12.92,54821.89
7/18/2018,13.12,54995.17
7/19/2018,13.48,54724.33
7/20/2018,13.53,54710.41
7/23/2018,13.6,54680.21
7/24/2018,13.4,55111.75
7/25/2018,13.29,55487.63
7/26/2018,13.22,55734.27
7/27/2018,13.58,55568.32
7/30/2018,14.89,55253.43
7/31/2018,13.98,55490
8/1/2018,14.48,55312.35
8/2/2018,13.91,55300.66
8/3/2018,13.44,55598.55
8/6/2018,13.37,55689.45
8/7/2018,12.76,55966.19
8/8/2018,12.75,55867.58
8/9/2018,13.12,55761.12
8/10/2018,14.36,55355.45
8/13/2018,15.62,55081.13
8/14/2018,13.98,55326.53
8/15/2018,14.96,55032.05
8/16/2018,13.49,55928.94
8/17/2018,12.96,56177.47
8/20/2018,12.98,56373.05
8/21/2018,13.52,56512.24
8/22/2018,12.75,56318.15
8/23/2018,12.87,56170.64
8/24/2018,12.55,56462.64
8/27/2018,12.78,57043.66
8/28/2018,13.07,57075.13
8/29/2018,12.97,57234.9
8/30/2018,13.94,56938.98
8/31/2018,13.37,56908.53
9/3/2018,13.37,56908.53
9/4/2018,13.83,56881.48
9/5/2018,14.49,56930.82
9/6/2018,14.77,56989.97
9/7/2018,15.04,56827.5
9/10/2018,14.57,56697.11
9/11/2018,13.91,56947.03
9/12/2018,13.87,57008.14
9/13/2018,13.36,57336.42
9/14/2018,12.9,57362.59
9/17/2018,14.16,57159.6
9/18/2018,13.34,57564.99
9/19/2018,12.34,57913.27
9/20/2018,12.75,58464.24
9/21/2018,12.41,58654
9/24/2018,12.97,58256.05
9/25/2018,13.37,58102.88
9/26/2018,13.39,57868.36
9/27/2018,13.33,57988.22
9/28/2018,13.16,58028.52
10/1/2018,13.43,58451.6
10/2/2018,13.53,58720.77
10/3/2018,13.08,58840.19
10/4/2018,15.31,58422.16
10/5/2018,15.63,58026.28
10/8/2018,16.03,58113.46
10/9/2018,16.26,57999.1
10/10/2018,21.92,56173.72
10/11/2018,24.17,54975.79
10/12/2018,20.73,55605.93
10/15/2018,21.5,55409.67
10/16/2018,18.1,56611.91
10/17/2018,18.06,56410.59
10/18/2018,20.36,55703.2
10/19/2018,20.09,55858.42
10/22/2018,20.13,55579.76
10/23/2018,20.91,55303.19
10/24/2018,23,53968.41
10/25/2018,23.22,54849.03
10/26/2018,23.98,54198.69
10/29/2018,24.72,53659.98
10/30/2018,23.5,54607.74
10/31/2018,21.65,55137.07
11/1/2018,19.91,55718.79
11/2/2018,20,55477.5
11/5/2018,20.21,55896.52
11/6/2018,19.67,56281.46
11/7/2018,16.59,57478.64
11/8/2018,16.79,57573.92
11/9/2018,17.21,57142.27
11/12/2018,20.32,55818.41
11/13/2018,19.69,55597.02
11/14/2018,20.9,55150.97
11/15/2018,19.47,55641.44
11/16/2018,17.95,55914.15
11/19/2018,19.96,55043.35
11/20/2018,22.11,53829.28
11/21/2018,20.58,53847.48
11/22/2018,20.58,53847.48
11/23/2018,21.17,53454.08
11/26/2018,19.22,54247.3
11/27/2018,19.41,54486.14
11/28/2018,18.88,55861.45
11/29/2018,18.69,55824.12
11/30/2018,18.13,56297.96
12/3/2018,17.3,56932.77
12/4/2018,20.97,55170.64
12/5/2018,20.97,55170.64
12/6/2018,21.83,55003.38
12/7/2018,23.37,53796.21
12/10/2018,22.77,53871.89
12/11/2018,22.46,53754.93
12/12/2018,21.88,54101.32
12/13/2018,21.05,54255.97
12/14/2018,21.9,53168.2
12/17/2018,24.02,52048.55
12/18/2018,24.35,52230.89
12/19/2018,23.98,51454.39
12/20/2018,26.66,50430.63
12/21/2018,28.19,49516.81
12/24/2018,32.02,48075.85
12/25/2018,32.02,48075.85
12/26/2018,28.14,50472.21
12/27/2018,28.12,51046.62
12/28/2018,26.78,50878.04
12/31/2018,24.53,51462.77
1/1/2019,24.53,51462.77
1/2/2019,23.06,51504.2
1/3/2019,25.47,50070.87
1/4/2019,22.16,51719.46
1/7/2019,22.47,51936.16
1/8/2019,21.17,52501.4
1/9/2019,20.76,52712.75
1/10/2019,19.64,52983.82
1/11/2019,18.96,52970.65
1/14/2019,19.3,52780.55
1/15/2019,18.92,53124.37
1/16/2019,18.94,53436.9
1/17/2019,17.83,53807.31
1/18/2019,17.59,54562.59
1/21/2019,17.59,54562.59
1/22/2019,20.43,53895.93
1/23/2019,19.48,54273.89
1/24/2019,19.57,54224.47
1/25/2019,18.75,54630.73
1/28/2019,19.53,54169.22
1/29/2019,19.31,54283.47
1/30/2019,17.73,55243.93
1/31/2019,17.11,55215.78
2/1/2019,16.73,55357.6
2/4/2019,16.26,55745.18
2/5/2019,15.85,56125.42
2/6/2019,15.54,56083.26
2/7/2019,16.36,55649.9
2/8/2019,15.84,55533.41
2/11/2019,16.02,55415.68
2/12/2019,15.29,56239.97
2/13/2019,15.56,56499.89
2/14/2019,15.82,56330.93
2/15/2019,14.9,57313.77
2/18/2019,14.9,57313.77
2/19/2019,15.12,57331.64
2/20/2019,14.5,57478.33
2/21/2019,14.53,57248.43
2/22/2019,14.11,57649.66
2/25/2019,15.02,57796.37
2/26/2019,15.19,57721.12
2/27/2019,14.8,57577.53
2/28/2019,14.77,57441.71
3/1/2019,14.03,57689.54
3/4/2019,15.51,57231.43
3/5/2019,15.23,57202.58
3/6/2019,15.96,56907.39
3/7/2019,16.8,56463.57
3/8/2019,16.18,56437.72
3/11/2019,15.71,56882.64
3/12/2019,15.14,56669.28
3/13/2019,14.66,57018.42
3/14/2019,14.41,57056.33
3/15/2019,13.81,57364.65
3/18/2019,14.03,57509.41
3/19/2019,14.5,57450.12
3/20/2019,14.88,57135.63
3/21/2019,14.51,57616.85
3/22/2019,17.43,56595.57
3/25/2019,16.93,56627.77
3/26/2019,15.66,56940.46
3/27/2019,15.97,56869.13
3/28/2019,15.31,57073.03
3/29/2019,14.33,57541.76
4/1/2019,13.9,58273.53
4/2/2019,14.09,58097.58
4/3/2019,14.27,58184.12
4/4/2019,14.02,58576.81
4/5/2019,13.61,58666.4
4/8/2019,14.4,58479.99
4/9/2019,15,58066.26
4/10/2019,14.35,58080.87
4/11/2019,14.28,58049.54
4/12/2019,13.39,58647.4
4/15/2019,13.25,58586.26
4/16/2019,13.16,58737.01
4/17/2019,13.16,58741.31
4/18/2019,12.64,58998.58
4/19/2019,12.64,58998.58
4/22/2019,13.07,58890.86
4/23/2019,12.94,59213.72
4/24/2019,13.48,59081.89
4/25/2019,13.54,58782.08
4/26/2019,13.2,58962.57
4/29/2019,13.5,58987.13
4/30/2019,13.56,59072.7
5/1/2019,14.64,58711.13
5/2/2019,14.71,58439.34
5/3/2019,13.77,58877.3
5/6/2019,15.63,58734.4
5/7/2019,19.55,57682.73
5/8/2019,18.89,57687.7
5/9/2019,19.47,57447.76
5/10/2019,16.76,57726.08
5/13/2019,20.66,56352.31
5/14/2019,18.29,56813.05
5/15/2019,16.72,57078.06
5/16/2019,15.43,57588.58
5/17/2019,15.93,57375.5
5/20/2019,16.57,57188.21
5/21/2019,15.06,57627.88
5/22/2019,14.85,57403.59
5/23/2019,17.33,56788.12
5/24/2019,16.05,57014.61
5/27/2019,16.05,57014.61
5/28/2019,17.6,56484.44
5/29/2019,18.3,56003.99
5/30/2019,17.5,56111.47
5/31/2019,19.24,55341.28
6/3/2019,18.83,55351.87
6/4/2019,17.18,56494.58
6/5/2019,16.35,56977.68
6/6/2019,15.68,57381.67
6/7/2019,15.54,57981.45
6/10/2019,15.63,58157.15
6/11/2019,15.68,58125.52
6/12/2019,15.74,58028.06
6/13/2019,15.41,58261.58
6/14/2019,15.14,58247.95
6/17/2019,15.08,58299.13
6/18/2019,14.77,59087.27
6/19/2019,14.07,59173.13
6/20/2019,14.15,59729.44
6/21/2019,14.63,59653.43
6/24/2019,15.04,59672.2
6/25/2019,15.85,59271.85
6/26/2019,15.87,59246.41
6/27/2019,15.81,59223.55
6/28/2019,15.32,59387.38
7/1/2019,13.94,59649.64
7/2/2019,12.89,59804.24
7/3/2019,12.9,60227.91
7/4/2019,12.9,60227.91
7/5/2019,13.03,60143.24
7/8/2019,13.66,59884.15
7/9/2019,13.81,59842.68
7/10/2019,13.08,60014.06
7/11/2019,12.76,60523.22
7/12/2019,12.44,61068.29
7/15/2019,12.55,61128.9
7/16/2019,13.13,61076.32
7/17/2019,13.52,60817.65
7/18/2019,13.67,60835.92
7/19/2019,13.8,60697.85
7/22/2019,13.71,60737.42
7/23/2019,13.25,61133.7
7/24/2019,13.08,60956.63
7/25/2019,13.68,60668.29
7/26/2019,13.38,60783.35
7/29/2019,13.63,60847.93
7/30/2019,14.22,60795.78
7/31/2019,15.32,60049.75
8/1/2019,17.84,59427.43
8/2/2019,18.11,59207.43
8/5/2019,23.23,57492.2
8/6/2019,19.73,58193.96
8/7/2019,19.5,58143.77
8/8/2019,17.22,59037.24
8/9/2019,17.95,58845.83
8/12/2019,20.8,58008.22
8/13/2019,17.65,58842.37
8/14/2019,22.11,57056.99
8/15/2019,21.19,57317.69
8/16/2019,18.87,58022.84
8/19/2019,17.39,58589.69
8/20/2019,17.9,58201.08
8/21/2019,16.02,58739.75
8/22/2019,17.13,58850.74
8/23/2019,20.58,57453.35
8/26/2019,19.81,58072.91
8/27/2019,20.44,57801.76
8/28/2019,19.46,58380.71
8/29/2019,17.67,59141.7
8/30/2019,18.41,59254.75
9/2/2019,18.41,59254.75
9/3/2019,19.57,58614.57
9/4/2019,18.02,59168.15
9/5/2019,17,60004.81
9/6/2019,15.75,60160.42
9/9/2019,15.95,60258.33
9/10/2019,15.38,60424.32
9/11/2019,14.13,60935.41
9/12/2019,13.96,61037.37
9/13/2019,13.75,61151.51
9/16/2019,14.59,60830.93
9/17/2019,14.82,60907.27
9/18/2019,14.18,60988.78
9/19/2019,13.97,60871.31
9/20/2019,15.88,60512.48
9/23/2019,15.31,60546
9/24/2019,16.91,60226.49
9/25/2019,15.98,60592.55
9/26/2019,16.45,60413.75
9/27/2019,17.33,60254.52
9/30/2019,16.36,60471.49
10/1/2019,18.66,59699.14
10/2/2019,20.11,58588.37
10/3/2019,18.94,58889
10/4/2019,16.71,59726.62
10/7/2019,17.34,59511.54
10/8/2019,19.31,58805.84
10/9/2019,17.92,59224.2
10/10/2019,17.33,59562.89
10/11/2019,15.75,60282.04
10/14/2019,14.5,60216.33
10/15/2019,13.31,60750.08
10/16/2019,13.49,60698.78
10/17/2019,13.43,60763.89
10/18/2019,14.57,60204.72
10/21/2019,14.62,60333.91
10/22/2019,14.52,60244.99
10/23/2019,14.14,60348.1
10/24/2019,13.71,60284.19
10/25/2019,13.36,60627.22
10/28/2019,13.64,60925.57
10/29/2019,14.17,60882.16
10/30/2019,13.52,61141.39
10/31/2019,14.09,60825.51
11/1/2019,12.94,61502.73
11/4/2019,13.26,61760.81
11/5/2019,13.43,61829.44
11/6/2019,13.44,61834.09
11/7/2019,13.08,62317.26
11/8/2019,13.12,62345.06
11/11/2019,12.67,62368.12
11/12/2019,12.66,62368.12
11/13/2019,12.92,62575.56
11/14/2019,13.14,62587.7
11/15/2019,11.88,63115.09
11/18/2019,13.08,63185.71
11/19/2019,12.81,62955.36
11/20/2019,13.19,62708.66
11/21/2019,13.53,62607.16
11/22/2019,12.69,62853.67
11/25/2019,12.46,63298.52
11/26/2019,12.16,63423.03
11/27/2019,12.36,63529.19
11/28/2019,12.36,63529.19
11/29/2019,13.48,63323.35
12/2/2019,15.11,62717.53
12/3/2019,16.39,62084.91
12/4/2019,15.34,62437.51
12/5/2019,14.79,62508.87
12/6/2019,13.81,63287.14
12/9/2019,14.67,63061.46
12/10/2019,14.92,62998.48
12/11/2019,14.55,63065.29
12/12/2019,13.77,63564.09
12/13/2019,12.28,63594.43
12/16/2019,11.64,63821.62
12/17/2019,11.48,63892.29
12/18/2019,11.61,63829.29
12/19/2019,11.48,64140.48
12/20/2019,11.63,64317.08
12/23/2019,12.22,64535.07
12/24/2019,12.06,64453.51
12/25/2019,12.06,64453.51
12/26/2019,11.97,64692.96
12/27/2019,12.64,64746.92
12/30/2019,14.08,64333.02
12/31/2019,13.29,64505.48
1/1/2020,13.29,64505.48
1/2/2020,12.27,65264.15
1/3/2020,14.09,64749.13
1/6/2020,14.04,64904.02
1/7/2020,13.96,64633.34
1/8/2020,13.44,64998.33
1/9/2020,12.86,65486.7
1/10/2020,13.49,65185.62
1/13/2020,12.04,65373.97
1/14/2020,12.09,65447.74
1/15/2020,11.82,65652.51
1/16/2020,11.46,66257.29
1/17/2020,11.9,66387.2
1/20/2020,11.9,66387.2
1/21/2020,13.28,66043.24
1/22/2020,13.69,66021.15
1/23/2020,13.39,65973.37
1/24/2020,14.8,65587.92
1/27/2020,17.58,64560.93
1/28/2020,15.87,64984.12
1/29/2020,15.73,65010.36
1/30/2020,15.35,65298.99
1/31/2020,17.95,63933.68
2/3/2020,17.47,64259.01
2/4/2020,15.72,65181.75
2/5/2020,14.82,66275.13
2/6/2020,14.56,66481.37
2/7/2020,15.4,65890.67
2/10/2020,15.03,66298.67
2/11/2020,15.19,66297.59
2/12/2020,14.05,66920.53
2/13/2020,14.64,66700.44
2/14/2020,14.3,66663.08
2/17/2020,14.3,66663.08
2/18/2020,15.24,66293.94
2/19/2020,14.88,66564.49
2/20/2020,16.26,66274.07
2/21/2020,17.7,65757.9
2/24/2020,24.03,63432.74
2/25/2020,27.49,61437.61
2/26/2020,27.01,61156.81
2/27/2020,37.65,58465.76
2/28/2020,42.67,57697.31
3/2/2020,34.19,60635.53
3/3/2020,37.29,58850.95
3/4/2020,31.33,61515.51
3/5/2020,38.65,59313.88
3/6/2020,42.3,58731.44
3/9/2020,52.03,54171.4
3/10/2020,47.78,56822.26
3/11/2020,53.63,53518.12
3/12/2020,64.74,48172.51
3/13/2020,55.14,52715.23
3/16/2020,63.81,45900.97
3/17/2020,61.93,48285.67
3/18/2020,67.07,45242.53
3/19/2020,63.31,45678.92
3/20/2020,54.26,43602.23
3/23/2020,50.49,42278.64
3/24/2020,58.38,47083.63
3/25/2020,65.22,48210.73
3/26/2020,61.33,51284.35
3/27/2020,63.51,49202.73
3/30/2020,59.72,50773.39
3/31/2020,54.6,49840.31
4/1/2020,55.8,47626.21
4/2/2020,52.15,48707.04
4/3/2020,48.49,47900.15
4/6/2020,45.97,51603.05
4/7/2020,48.15,51543.59
4/8/2020,46.31,53317.64
4/9/2020,46.03,53977.52
4/10/2020,46.03,53977.52
4/13/2020,46.05,53229.72
4/14/2020,41.32,54501.81
4/15/2020,43.83,53488.2
4/16/2020,44.19,53564.06
4/17/2020,41.65,55184.05
4/20/2020,45.54,53836.34
4/21/2020,48,52398.7
4/22/2020,44.77,53438.84
4/23/2020,43.67,53540.96
4/24/2020,38.99,54132.98
4/27/2020,36.76,54949.25
4/28/2020,36.8,54875.86
4/29/2020,34.31,56087.86
4/30/2020,36.55,55431.81
5/1/2020,38.46,54015.54
5/4/2020,37.54,54074.89
5/5/2020,35.08,54378.47
5/6/2020,35.37,53886.24
5/7/2020,33.64,54407.1
5/8/2020,30.91,55457.71
5/11/2020,31.98,55208.52
5/12/2020,35.71,54180.02
5/13/2020,38.19,53006.46
5/14/2020,35.89,53874.32
5/15/2020,34.86,54011.33
5/18/2020,32.65,56111.07
5/19/2020,33.29,55227.41
5/20/2020,30.62,56077.34
5/21/2020,30.92,55868.1
5/22/2020,29.89,55863.48
5/25/2020,29.89,55863.48
5/26/2020,29.63,57073.55
5/27/2020,28.85,58336.63
5/28/2020,30.39,58010.49
5/29/2020,28.73,58013.46
6/1/2020,29.43,58223.52
6/2/2020,28.45,58835.19
6/3/2020,27.25,60063.71
6/4/2020,26.7,60091
6/5/2020,26.55,61986.8
6/8/2020,28.16,63041.89
6/9/2020,29.47,62368.97
6/10/2020,30.35,61723.36
6/11/2020,40.79,57465.56
6/12/2020,39.18,58573.27
6/15/2020,36.35,58933.81
6/16/2020,35.76,60138.94
6/17/2020,35.6,59749.21
6/18/2020,34.96,59658.83
6/19/2020,36.3,59201.17
6/22/2020,34.7,59552.42
6/23/2020,33.64,59852.5
6/24/2020,35.38,58227.46
6/25/2020,33.48,58913.17
6/26/2020,35.71,57242.6
6/29/2020,33.13,58570.39
6/30/2020,31.14,59067.13
7/1/2020,30.81,58895.59
7/2/2020,28.59,59126.8
7/3/2020,28.59,59126.8
7/6/2020,29.04,60179.14
7/7/2020,30.68,59270.63
7/8/2020,29.62,59676.05
7/9/2020,31.37,58858.85
7/10/2020,29.46,59704.22
7/13/2020,33.12,59728.25
7/14/2020,31.34,61003.14
7/15/2020,30.1,61524.05
7/16/2020,29.83,61214.05
7/17/2020,27.93,61086.53
7/20/2020,26.72,61106.95
7/21/2020,26.79,61472.33
7/22/2020,26.46,61851.22
7/23/2020,27.08,61054.02
7/24/2020,26.79,60636.09
7/27/2020,26.09,60899.26
7/28/2020,25.81,60428.53
7/29/2020,24.85,60795.72
7/30/2020,25.37,60284.14
7/31/2020,23.87,60546.87
8/3/2020,24.16,61087.72
8/4/2020,23.16,61463.59
8/5/2020,22.88,62318.24
8/6/2020,22.85,62748.32
8/7/2020,23.34,62893.36
8/10/2020,23.35,63714.02
8/11/2020,25.41,63474.38
8/12/2020,23.97,64152.72
8/13/2020,23.88,63989.71
8/14/2020,23.5,64068.37
8/17/2020,22.57,63870.85
8/18/2020,22.25,63745.18
8/19/2020,22.93,63557.72
8/20/2020,22.8,63665.24
8/21/2020,21.83,64125.84
8/24/2020,22.68,65009.89
8/25/2020,22.36,64872.06
8/26/2020,23.4,65063.76
8/27/2020,24.43,65432.02
8/28/2020,23.84,65818
8/31/2020,26.01,65341.67
9/1/2020,26.2,65837.21
9/2/2020,26.64,66905.27
9/3/2020,31.47,65048.13
9/4/2020,29.43,64681.6
9/7/2020,29.43,64681.6
9/8/2020,30.15,63227.59
9/9/2020,27.7,64251.09
9/10/2020,27.62,63317.71
9/11/2020,26,63638.02
9/14/2020,24.2,64407.23
9/15/2020,23.6,64412.45
9/16/2020,22.57,64497.07
9/17/2020,23.42,64197.04
9/18/2020,23.53,63634.35
9/21/2020,26.46,62461.6
9/22/2020,25.75,62784.8
9/23/2020,27.39,61576.77
9/24/2020,27.4,61697.12
9/25/2020,26.39,62522
9/28/2020,26.25,63465.56
9/29/2020,26.69,63163.25
9/30/2020,26.7,63920.31
10/1/2020,27.18,64006.75
10/2/2020,27.59,63698.21
10/5/2020,27.46,64783.71
10/6/2020,28.01,63918.61
10/7/2020,26.71,65140.01
10/8/2020,25.86,65436.92
10/9/2020,24.26,65808.46
10/12/2020,24.06,66385.39
10/13/2020,25.05,66022.33
10/14/2020,25.21,65640.64
10/15/2020,25.46,65595.05
10/16/2020,25.65,65853.14
10/19/2020,27.4,64907.25
10/20/2020,27.71,65168.23
10/21/2020,27.18,64942.7
10/22/2020,26.33,65306.52
10/23/2020,25.56,65257.44
10/26/2020,30.18,63760.04
10/27/2020,30.3,63248.34
10/28/2020,35.48,61076.04
10/29/2020,34.93,61396.52
10/30/2020,35.18,61033.76
11/2/2020,34.06,62008.99
11/3/2020,32.56,63287.13
11/4/2020,27.43,64133.79
11/5/2020,25.97,65388.21
11/6/2020,25.07,65237.5
11/9/2020,24.99,67184.49
11/10/2020,25.29,67790.37
11/11/2020,24.11,67736.7
11/12/2020,25.52,67024.17
11/13/2020,23.96,67969.53
11/16/2020,23.26,69054.63
11/17/2020,22.86,68688.96
11/18/2020,23.47,67909.04
11/19/2020,22.21,68034.72
11/20/2020,22.69,67527.61
11/23/2020,22.3,68299.35
11/24/2020,22.22,69349.47
11/25/2020,22.35,68948.4
11/26/2020,22.35,68948.4
11/27/2020,22.27,69046.51
11/30/2020,22.88,68445.04
12/1/2020,22.95,68891.9
12/2/2020,23.04,69053.01
12/3/2020,22.21,69251.11
12/4/2020,21.21,69849.06
12/7/2020,21.94,69505.88
12/8/2020,21.55,69746.48
12/9/2020,21.96,69516.52
12/10/2020,21.78,69363.95
12/11/2020,22.58,69472.88
12/14/2020,23.07,69055.43
12/15/2020,21.68,69836.51
12/16/2020,21.88,69732.97
12/17/2020,20.41,70077.14
12/18/2020,20.05,69789.65
12/21/2020,22.75,69876.14
12/22/2020,22.8,69411.47
12/23/2020,21.29,69675.84
12/24/2020,20.49,69837.8
12/25/2020,20.49,69837.8
12/28/2020,20.12,70309.78
12/29/2020,20.93,70151.84
12/30/2020,20.71,70322.71
12/31/2020,20.53,70778.1
1/1/2021,20.53,70778.1
1/4/2021,24.01,69898.81
1/5/2021,23.73,70300.38
1/6/2021,23.79,71313.08
1/7/2021,21.64,71818.93
1/8/2021,21,71950.45
1/11/2021,22.86,71743.88
1/12/2021,22.07,71882.71
1/13/2021,21.61,71863.68
1/14/2021,21.65,71704.15
1/15/2021,22.14,71294.05
1/18/2021,22.14,71294.05
1/19/2021,22.38,71578.71
1/20/2021,21,72175.43
1/21/2021,20.31,72158.84
1/22/2021,20.46,71744.47
1/25/2021,22.1,71658.88
1/26/2021,22.49,71605.73
1/27/2021,27.58,70138.6
1/28/2021,24.91,70833.41
1/29/2021,28.68,69396.66
2/1/2021,26.82,69927.38
2/2/2021,23.34,71028.11
2/3/2021,21.3,71111.72
2/4/2021,19.97,71886.06
2/5/2021,20.16,72103.01
2/8/2021,19.87,72652.83
2/9/2021,19.69,72654.65
2/10/2021,20.38,72798.17
2/11/2021,20.24,72835.96
2/12/2021,19.36,72900.15
2/15/2021,19.36,72900.15
2/16/2021,19.69,73068.93
2/17/2021,19.67,73286.72
2/18/2021,20.01,73016.4
2/19/2021,20.29,73018.69
2/22/2021,20.75,73097.55
2/23/2021,20.63,73133.87
2/24/2021,19.96,74118.29
2/25/2021,23.47,72844.89
2/26/2021,24.1,71779.31
3/1/2021,21.2,73198.01
3/2/2021,21.08,72863.78
3/3/2021,22.29,72581.94
3/4/2021,24.15,71778.94
3/5/2021,21.98,73106.99
3/8/2021,24.4,73817.59
3/9/2021,22.19,73900.89
3/10/2021,22.02,75003.95
3/11/2021,20.69,75441.86
3/12/2021,19.52,76157.87
3/15/2021,19.12,76564.04
3/16/2021,18.8,76267.78
3/17/2021,18.58,76707.89
3/18/2021,19.83,76360.65
3/19/2021,19.1,75816.15
3/22/2021,18.37,76056.03
3/23/2021,18.9,75340.22
3/24/2021,19.4,75333.03
3/25/2021,18.56,75796.43
3/26/2021,17.66,76849.96
3/29/2021,21.89,77078.83
3/30/2021,17.99,76836.2
3/31/2021,17.82,76644.33
4/1/2021,17.17,77043.24
4/2/2021,17.17,77043.24
4/5/2021,17.15,77931.73
4/6/2021,16.77,77706.38
4/7/2021,16.54,77743.62
4/8/2021,16.35,77886.42
4/9/2021,16.21,78576.94
4/12/2021,15.74,78448.61
4/13/2021,16.08,78290.23
4/14/2021,15.9,78414.88
4/15/2021,15.43,79124.14
4/16/2021,14.41,79506.98
4/19/2021,15.32,79220.96
4/20/2021,16.7,78625.04
4/21/2021,16.13,79359.69
4/22/2021,17.38,78625.81
4/23/2021,16.36,79170.72
4/26/2021,16.6,79026.74
4/27/2021,16.73,79034.54
4/28/2021,16.59,78651.86
4/29/2021,16.26,79209.97
4/30/2021,16.21,78778.56
5/3/2021,16.09,79332.92
5/4/2021,16.9,79378.97
5/5/2021,16.12,79605.28
5/6/2021,18.03,80358.97
5/7/2021,15.19,80920.62
5/10/2021,17.19,80839.33
5/11/2021,19.3,79737.22
5/12/2021,25.36,78151.5
5/13/2021,19.97,79179.97
5/14/2021,17.31,80046.37
5/17/2021,17.61,79919.84
5/18/2021,18.24,79318.46
5/19/2021,19.42,78943.68
5/20/2021,18.28,79411.63
5/21/2021,17.56,79699.82
5/24/2021,16.88,80149.74
5/25/2021,16.61,79959.77
5/26/2021,15.81,79984.46
5/27/2021,15.46,80325.14
5/28/2021,14.82,80519.36
5/31/2021,14.82,80519.36
6/1/2021,17.95,80626.3
6/2/2021,15.3,80710.07
6/3/2021,15.88,80655.64
6/4/2021,14.84,81073.99
6/7/2021,15.22,80779.73
6/8/2021,15.23,80708.78
6/9/2021,15.6,80366.14
6/10/2021,14.78,80410.69
6/11/2021,14.14,80441.87
6/14/2021,14.43,80258
6/15/2021,14.59,80037.69
6/16/2021,15.17,79417.77
6/17/2021,15.74,78927.21
6/18/2021,19.09,77704.88
6/21/2021,17.13,79074.78
6/22/2021,16.34,79234.92
6/23/2021,16.26,79068.41
6/24/2021,15.33,79821.36
6/25/2021,14.49,80374.61
6/28/2021,15.11,80023.15
6/29/2021,15.32,80044.2
6/30/2021,14.76,80534.9
7/1/2021,14.06,80847.33
7/2/2021,13.66,81223.57
7/5/2021,13.66,81223.57
7/6/2021,17.89,80735.63
7/7/2021,14.27,80979.45
7/8/2021,17.34,80382.32
7/9/2021,12.45,81429.04
7/12/2021,14.86,81723.32
7/13/2021,2.71,81472.55
7/14/2021,15.51,81576.33
7/15/2021,15.47,81701.95
7/16/2021,15.3,81003.31
7/19/2021,21.27,79325.46
7/20/2021,18.97,80609.99
7/21/2021,17.91,81278.02
7/22/2021,17.48,81350.6
7/23/2021,19.73,81907.07
7/26/2021,17.55,82100.41
7/27/2021,18.88,81900
7/28/2021,17.89,81601.92
7/29/2021,17.11,81960.75
7/30/2021,17.88,81612.53
8/2/2021,18.54,81385.21
8/3/2021,17.52,82035.2
8/4/2021,17.96,81278.93
8/5/2021,16.93,81918.73
8/6/2021,16.39,82259.12
8/9/2021,17.32,82035.16
8/10/2021,17.17,82415.68
8/11/2021,16.33,82930.53
8/12/2021,15.79,82993
8/13/2021,15.77,83029.32
8/16/2021,16.51,83313.62
8/17/2021,17.91,82653.85
8/18/2021,20.41,81788.37
8/19/2021,19.55,81640.01
8/20/2021,18.6,82191.47
8/23/2021,16.57,82712.43
8/24/2021,16.12,82783.94
8/25/2021,15.48,82875.79
8/26/2021,17.21,82425.47
8/27/2021,15.07,82997.77
8/30/2021,14.98,82877.55
8/31/2021,14.88,82836.71
9/1/2021,14.97,82749.26
9/2/2021,14.78,83056.9
9/3/2021,14.56,82881.78
9/6/2021,14.56,82881.78
9/7/2021,15.49,82251.23
9/8/2021,16.73,82089.69
9/9/2021,17.21,81747.8
9/10/2021,17.98,81133.49
9/13/2021,17.52,81747.51
9/14/2021,18.72,81079.32
9/15/2021,17.36,81634.63
9/16/2021,17.59,81486.73
9/17/2021,18.81,81096.45
9/20/2021,23.78,79655.75
9/21/2021,23.12,79537.03
9/22/2021,20.06,80330.71
9/23/2021,17.9,81518.38
9/24/2021,17.39,81596.19
9/27/2021,18.4,81763.54
9/28/2021,21.73,80428.44
9/29/2021,21.57,80641.18
9/30/2021,23.14,79359.02
10/1/2021,20.64,80490.5
10/4/2021,22.85,79737.57
10/5/2021,21.85,80484.07
10/6/2021,21.33,80724.04
10/7/2021,19.83,81533.23
10/8/2021,19.34,81512.84
10/11/2021,19.16,80925.91
10/12/2021,18.94,80649.74
10/13/2021,17.79,80648.51
10/14/2021,15.53,81902.99
10/15/2021,14.9,82799.6
10/18/2021,16.07,82714.81
10/19/2021,15.23,83180.95
10/20/2021,14.97,83537.59
10/21/2021,14.41,83536.35
10/22/2021,14.94,83726.98
10/25/2021,15.34,83877.48
10/26/2021,16,83914.4
10/27/2021,16.08,83289.71
10/28/2021,15.42,83852.44
10/29/2021,15.76,84061.5
11/1/2021,16.1,84282.76
11/2/2021,15.56,84608.47
11/3/2021,14.86,84854.76
11/4/2021,14.65,84781.87
11/5/2021,14.65,85263.4
11/8/2021,15.76,85508.12
11/9/2021,16.58,85270.05
11/10/2021,17.49,84727.47
11/11/2021,16.28,84354.78
11/12/2021,15.9,84782.69
11/15/2021,15.45,84779.75
11/16/2021,14.95,84908.42
11/17/2021,15.99,84442.67
11/18/2021,16.2,84324.33
11/19/2021,17.45,83692.05
11/22/2021,17.4,83749.07
11/23/2021,17.86,84206.52
11/24/2021,17.5,84184.36
11/25/2021,17.5,84184.36
11/26/2021,24.49,82056.39
11/29/2021,22.78,82623.56
11/30/2021,26.22,81117.73
12/1/2021,28.09,80088.28
12/2/2021,27.81,81542.48
12/3/2021,29.85,81429.14
12/6/2021,26.5,82952.58
12/7/2021,22.77,84112.07
12/8/2021,21.46,84195.26
12/9/2021,21,84217.3
12/10/2021,18.79,84726.8
12/13/2021,18.71,83972.95
12/14/2021,20,83732.17
12/15/2021,20.45,84635.01
12/16/2021,19.87,84564.83
12/17/2021,21.67,83311.11
12/20/2021,22.91,82290.43
12/21/2021,20.5,83610.91
12/22/2021,18.09,84226.21
12/23/2021,17.29,84689.51
12/24/2021,17.29,84689.51
12/27/2021,17.62,85518.28
12/28/2021,18.13,85744.03
12/29/2021,17.53,85957.05
12/30/2021,17.7,85743.72
12/31/2021,17.57,85602.9
1/3/2022,17.41,86184.19
