Dates,RVX Index,RTY Index
1/1/2014,17.53,1163.637
1/2/2014,17.95,1150.724
1/3/2014,17.5,1156.086
1/6/2014,17.82,1147.156
1/7/2014,16.97,1157.629
1/8/2014,16.81,1157.458
1/9/2014,16.77,1158.349
1/10/2014,16.03,1164.529
1/13/2014,16.15,1148.091
1/14/2014,15.72,1163.427
1/15/2014,15.31,1171.354
1/16/2014,15.17,1173.134
1/17/2014,15.79,1168.43
1/20/2014,15.79,1168.43
1/21/2014,15.94,1175.723
1/22/2014,15.61,1181.292
1/23/2014,16.59,1172.396
1/24/2014,20.71,1144.134
1/27/2014,21.77,1127.728
1/28/2014,20.01,1138.235
1/29/2014,21.52,1122.451
1/30/2014,21.33,1139.358
1/31/2014,22.9,1130.882
2/3/2014,27.19,1094.583
2/4/2014,25.13,1102.843
2/5/2014,25.8,1093.594
2/6/2014,24.28,1103.926
2/7/2014,21.43,1116.553
2/10/2014,21,1118.734
2/11/2014,19.9,1129.164
2/12/2014,19.16,1132.536
2/13/2014,18.71,1147.785
2/14/2014,18.34,1149.211
2/17/2014,18.34,1149.211
2/18/2014,18.68,1161.482
2/19/2014,20.46,1149.066
2/20/2014,19.35,1162.115
2/21/2014,19.2,1164.632
2/24/2014,18.72,1174.554
2/25/2014,18.39,1173.946
2/26/2014,18.52,1181.72
2/27/2014,18.1,1187.943
2/28/2014,19.52,1183.029
3/3/2014,20.78,1176.359
3/4/2014,19.16,1208.651
3/5/2014,18.77,1205.909
3/6/2014,18.88,1204.545
3/7/2014,18.66,1203.316
3/10/2014,19.24,1200.535
3/11/2014,20.1,1187.047
3/12/2014,19.73,1191.366
3/13/2014,20.96,1176.74
3/14/2014,21.83,1181.413
3/17/2014,20.53,1188.228
3/18/2014,18.79,1205.039
3/19/2014,19.05,1195.661
3/20/2014,19.08,1198.97
3/21/2014,19.38,1193.734
3/24/2014,20.14,1178.235
3/25/2014,19.99,1178.05
3/26/2014,21.12,1155.486
3/27/2014,21.17,1151.441
3/28/2014,21,1151.813
3/31/2014,20.17,1173.038
4/1/2014,18.5,1188.702
4/2/2014,18.13,1192.808
4/3/2014,19.08,1181.12
4/4/2014,20.61,1153.38
4/7/2014,21.93,1135.776
4/8/2014,21,1144.236
4/9/2014,20.15,1159.961
4/10/2014,22.47,1127.659
4/11/2014,23.62,1111.438
4/14/2014,23.47,1115.355
4/15/2014,23.32,1119.495
4/16/2014,21.35,1131.768
4/17/2014,19.97,1137.899
4/18/2014,19.97,1137.899
4/21/2014,19.85,1142.309
4/22/2014,18.95,1155.607
4/23/2014,19.12,1147.08
4/24/2014,19.69,1144.352
4/25/2014,21.39,1123.03
4/28/2014,21.74,1117.062
4/29/2014,21.79,1120.832
4/30/2014,20.17,1126.857
5/1/2014,20.1,1125.97
5/2/2014,20.04,1128.802
5/5/2014,20.42,1126.305
5/6/2014,21.02,1108.014
5/7/2014,20.93,1108.549
5/8/2014,21.38,1097.425
5/9/2014,19.53,1107.218
5/12/2014,17.96,1133.649
5/13/2014,18.18,1121.164
5/14/2014,19.14,1103.139
5/15/2014,19.85,1095.986
5/16/2014,19.42,1102.905
5/19/2014,18.47,1114.43
5/20/2014,19.61,1097.895
5/21/2014,19.27,1103.629
5/22/2014,18.6,1113.87
5/23/2014,17.69,1126.189
5/26/2014,17.69,1126.189
5/27/2014,17.83,1142.201
5/28/2014,18.24,1136.679
5/29/2014,17.95,1140.071
5/30/2014,17.74,1134.5
6/2/2014,18.75,1128.896
6/3/2014,19.18,1126.148
6/4/2014,18.95,1131.215
6/5/2014,17.7,1153.938
6/6/2014,17.09,1165.207
6/9/2014,18.01,1175.876
6/10/2014,17.91,1172.713
6/11/2014,18.17,1166.708
6/12/2014,18.27,1159.401
6/13/2014,18.04,1162.685
6/16/2014,18.09,1166.82
6/17/2014,17.92,1176.619
6/18/2014,16.38,1183.128
6/19/2014,15.98,1184.034
6/20/2014,15.84,1188.426
6/23/2014,16.42,1184.952
6/24/2014,17.56,1173.243
6/25/2014,17.17,1182.679
6/26/2014,17.05,1180.709
6/27/2014,16.47,1189.503
6/30/2014,16.41,1192.964
7/1/2014,16.41,1205.946
7/2/2014,16.49,1199.505
7/3/2014,15.97,1208.15
7/4/2014,15.97,1208.15
7/7/2014,17.74,1186.74
7/8/2014,18.19,1172.147
7/9/2014,17.97,1173.809
7/10/2014,19.05,1161.86
7/11/2014,18.8,1159.93
7/14/2014,18.49,1165.619
7/15/2014,18.84,1153.809
7/16/2014,18.82,1151.547
7/17/2014,20.8,1133.602
7/18/2014,18.92,1151.612
7/21/2014,19.44,1146.658
7/22/2014,18.39,1156.155
7/23/2014,18.35,1158.114
7/24/2014,18.48,1156.26
7/25/2014,18.75,1144.721
7/28/2014,19.38,1139.502
7/29/2014,19.54,1141.643
7/30/2014,19.06,1146.569
7/31/2014,22.22,1120.068
8/1/2014,22.39,1114.857
8/4/2014,21.29,1124.82
8/5/2014,21.62,1121.563
8/6/2014,21.21,1125.551
8/7/2014,21.48,1119.759
8/8/2014,20.52,1131.349
8/11/2014,18.73,1141.926
8/12/2014,18.86,1133.031
8/13/2014,17.94,1141.779
8/14/2014,17.09,1143.344
8/15/2014,17.64,1141.648
8/18/2014,16.55,1158.405
8/19/2014,16.42,1162.467
8/20/2014,16.69,1157.512
8/21/2014,16.18,1160.029
8/22/2014,16.13,1160.343
8/25/2014,16.43,1165.221
8/26/2014,15.94,1175.17
8/27/2014,16.04,1172.714
8/28/2014,16.49,1165.948
8/29/2014,16.43,1174.352
9/1/2014,16.43,1174.352
9/2/2014,16.79,1179.473
9/3/2014,17.39,1172.198
9/4/2014,17.71,1167.214
9/5/2014,16.88,1170.133
9/8/2014,16.73,1172.314
9/9/2014,17.86,1158.499
9/10/2014,17.62,1164.987
9/11/2014,16.79,1172.343
9/12/2014,17.92,1160.607
9/15/2014,18.98,1146.52
9/16/2014,18.26,1150.971
9/17/2014,17.41,1153.89
9/18/2014,16.99,1159.274
9/19/2014,17.24,1146.92
9/22/2014,19.26,1129.362
9/23/2014,20.18,1118.715
9/24/2014,18.97,1128.31
9/25/2014,20.46,1110.242
9/26/2014,19.39,1119.331
9/29/2014,20.26,1117.907
9/30/2014,21.49,1101.676
10/1/2014,21.64,1085.409
10/2/2014,21.23,1096.379
10/3/2014,20.02,1104.743
10/6/2014,20.89,1094.646
10/7/2014,21.99,1076.31
10/8/2014,20.68,1097.123
10/9/2014,23.35,1067.993
10/10/2014,24.35,1053.324
10/13/2014,25.46,1049.303
10/14/2014,24.54,1061.6
10/15/2014,25.49,1072.446
10/16/2014,26.22,1085.846
10/17/2014,25.48,1082.325
10/20/2014,22.96,1094.966
10/21/2014,20.87,1112.847
10/22/2014,22.6,1096.872
10/23/2014,20.94,1116.486
10/24/2014,20.85,1118.824
10/27/2014,20.86,1117.477
10/28/2014,19.66,1149.452
10/29/2014,19.91,1146.369
10/30/2014,19.63,1155.77
10/31/2014,19.33,1173.51
11/3/2014,20.32,1170.202
11/4/2014,20.39,1165.417
11/5/2014,20,1167.07
11/6/2014,19.36,1171.857
11/7/2014,18.15,1173.319
11/10/2014,17.74,1179.566
11/11/2014,17.65,1179.958
11/12/2014,17.67,1186.467
11/13/2014,18.86,1175.415
11/14/2014,18.65,1173.805
11/17/2014,19.05,1164.234
11/18/2014,19.01,1170.283
11/19/2014,19.65,1157.687
11/20/2014,18.24,1170.752
11/21/2014,18.46,1172.416
11/24/2014,17.59,1186.94
11/25/2014,17.68,1186.331
11/26/2014,17.47,1190.624
11/27/2014,17.47,1190.624
11/28/2014,19.96,1173.229
12/1/2014,21.68,1154.052
12/2/2014,20.2,1168.455
12/3/2014,19.32,1179.008
12/4/2014,19.43,1173.007
12/5/2014,18.53,1182.431
12/8/2014,20.58,1167.21
12/9/2014,19.85,1188.057
12/10/2014,22.79,1161.865
12/11/2014,23.41,1166.957
12/12/2014,24.4,1152.446
12/15/2014,24.28,1140.295
12/16/2014,26.04,1139.376
12/17/2014,22.53,1174.831
12/18/2014,20.72,1192.158
12/19/2014,20.03,1195.941
12/22/2014,19.8,1201.861
12/23/2014,19.01,1202.438
12/24/2014,18.49,1206.787
12/25/2014,18.49,1206.787
12/26/2014,18.76,1215.211
12/29/2014,19.15,1219.109
12/30/2014,19.86,1213.055
12/31/2014,22.68,1204.696
1/1/2015,22.68,1204.696
1/2/2015,22.42,1198.8
1/5/2015,24.11,1181.346
1/6/2015,24.98,1161.311
1/7/2015,23.21,1175.968
1/8/2015,20.94,1196.121
1/9/2015,21.29,1185.676
1/12/2015,21.65,1180.093
1/13/2015,22.42,1180.636
1/14/2015,22.19,1177.06
1/15/2015,24.3,1154.709
1/16/2015,23.14,1176.655
1/19/2015,23.14,1176.655
1/20/2015,23.37,1170.254
1/21/2015,23.14,1166.251
1/22/2015,20.26,1190.371
1/23/2015,20.8,1188.928
1/26/2015,19.73,1200.74
1/27/2015,20.9,1194.658
1/28/2015,23.26,1175.115
1/29/2015,22.06,1190.182
1/30/2015,24.37,1165.392
2/2/2015,23.36,1175.515
2/3/2015,21.63,1196.988
2/4/2015,22.33,1191.442
2/5/2015,21.33,1208.707
2/6/2015,21.47,1205.464
2/9/2015,22.08,1195.826
2/10/2015,21.05,1203.179
2/11/2015,20.85,1201.555
2/12/2015,19.41,1216.266
2/13/2015,18.3,1223.131
2/16/2015,18.3,1223.131
2/17/2015,19.03,1225.014
2/18/2015,18.56,1227.955
2/19/2015,18.05,1227.911
2/20/2015,17.36,1231.789
2/23/2015,17.2,1231.831
2/24/2015,16.8,1233.976
2/25/2015,16.26,1235.101
2/26/2015,16.26,1239.114
2/27/2015,16.67,1233.368
3/2/2015,16.27,1242.619
3/3/2015,16.94,1234.763
3/4/2015,17.28,1230.73
3/5/2015,16.65,1234.313
3/6/2015,17.85,1217.515
3/9/2015,17.89,1223.587
3/10/2015,19.06,1208.474
3/11/2015,18.6,1215.778
3/12/2015,17.69,1236.641
3/13/2015,17.96,1232.138
3/16/2015,17.71,1239.777
3/17/2015,17.44,1242.226
3/18/2015,16.22,1252.141
3/19/2015,15.84,1254.862
3/20/2015,15,1266.373
3/23/2015,15.24,1264.713
3/24/2015,15.52,1263.463
3/25/2015,17.86,1233.855
3/26/2015,18.17,1231.99
3/27/2015,18,1240.409
3/30/2015,17.31,1257.802
3/31/2015,17.98,1252.772
4/1/2015,17.53,1251.708
4/2/2015,17.2,1255.657
4/3/2015,17.2,1255.657
4/6/2015,17.12,1260.542
4/7/2015,17.26,1253.358
4/8/2015,16.21,1262.708
4/9/2015,16.11,1259.108
4/10/2015,15.46,1264.775
4/13/2015,16.85,1265.589
4/14/2015,16.33,1265.354
4/15/2015,15.53,1275.35
4/16/2015,15.33,1272.898
4/17/2015,16.86,1251.858
4/20/2015,16.3,1264.918
4/21/2015,16.41,1264.151
4/22/2015,16.02,1265.482
4/23/2015,15.81,1271.535
4/24/2015,15.87,1267.535
4/27/2015,17.31,1252.7
4/28/2015,17.06,1259.357
4/29/2015,18.32,1246.955
4/30/2015,19.42,1220.125
5/1/2015,18.41,1228.105
5/4/2015,17.91,1233.217
5/5/2015,18.86,1215.417
5/6/2015,19.05,1219.358
5/7/2015,18.97,1225.542
5/8/2015,17.53,1234.928
5/11/2015,17.15,1235.832
5/12/2015,17.11,1233.129
5/13/2015,16.96,1232.275
5/14/2015,15.85,1245.106
5/15/2015,15.32,1243.948
5/18/2015,15.55,1257.524
5/19/2015,15.62,1255.658
5/20/2015,15.3,1257.737
5/21/2015,15.3,1256.737
5/22/2015,15.25,1252.224
5/25/2015,15.25,1252.224
5/26/2015,17.02,1238.756
5/27/2015,15.77,1254.357
5/28/2015,15.98,1253.098
5/29/2015,16.56,1246.532
6/1/2015,16.58,1249.617
6/2/2015,16.63,1251.797
6/3/2015,16.15,1264.582
6/4/2015,17.23,1251.286
6/5/2015,16.51,1261.007
6/8/2015,17.59,1253.7
6/9/2015,17.25,1249.658
6/10/2015,16.12,1266.927
6/11/2015,15.69,1268.92
6/12/2015,16.13,1265.022
6/15/2015,17.27,1261.038
6/16/2015,16.88,1269.53
6/17/2015,16.75,1268.332
6/18/2015,15.78,1284.676
6/19/2015,16.23,1284.661
6/22/2015,14.93,1292.392
6/23/2015,14.6,1295.799
6/24/2015,15.68,1283.917
6/25/2015,15.75,1283.281
6/26/2015,16.18,1279.794
6/29/2015,20.5,1246.754
6/30/2015,20.06,1253.947
7/1/2015,18.94,1256.397
7/2/2015,19.92,1248.259
7/3/2015,19.92,1248.259
7/6/2015,19.72,1246.959
7/7/2015,19.4,1248.052
7/8/2015,21.65,1228.965
7/9/2015,21.73,1234.154
7/10/2015,19.4,1252.021
7/13/2015,15.95,1265.347
7/14/2015,15.36,1273.328
7/15/2015,15.53,1264.521
7/16/2015,14.12,1272.832
7/17/2015,14.46,1267.092
7/20/2015,14.93,1260.225
7/21/2015,15.35,1254.574
7/22/2015,14.86,1258.35
7/23/2015,16.1,1244.971
7/24/2015,17.24,1225.992
7/27/2015,18.92,1214.614
7/28/2015,17.09,1224.599
7/29/2015,16.05,1229.6
7/30/2015,15.69,1232.071
7/31/2015,15.39,1238.68
8/3/2015,16.22,1231.79
8/4/2015,16.43,1228.847
8/5/2015,16.07,1231.753
8/6/2015,17.67,1215.846
8/7/2015,18.15,1206.9
8/10/2015,17.4,1222.672
8/11/2015,18.86,1211.137
8/12/2015,18.79,1208.98
8/13/2015,18.54,1204.739
8/14/2015,18.04,1212.688
8/17/2015,17.43,1225.091
8/18/2015,18.12,1214.885
8/19/2015,19.25,1202.979
8/20/2015,22.81,1172.523
8/21/2015,29.5,1156.788
8/24/2015,39.63,1111.692
8/25/2015,35.52,1104.097
8/26/2015,29.53,1132.188
8/27/2015,27.07,1153.608
8/28/2015,26.74,1162.913
8/31/2015,27.71,1159.455
9/1/2015,30.75,1128.052
9/2/2015,26.69,1146.028
9/3/2015,26.6,1145.153
9/4/2015,27.37,1136.168
9/7/2015,27.37,1136.168
9/8/2015,25.21,1161.763
9/9/2015,26.53,1148.225
9/10/2015,25.6,1153.03
9/11/2015,24.31,1157.792
9/14/2015,25.68,1153.499
9/15/2015,23.97,1165.995
9/16/2015,22.62,1175.201
9/17/2015,22.2,1180.693
9/18/2015,23.7,1163.346
9/21/2015,22.41,1161.087
9/22/2015,24.17,1143.033
9/23/2015,23.57,1140.052
9/24/2015,23.74,1137.536
9/25/2015,24.5,1122.789
9/28/2015,27.54,1090.57
9/29/2015,27.75,1083.907
9/30/2015,25.44,1100.688
10/1/2015,24.54,1097.552
10/2/2015,23.13,1114.12
10/5/2015,22.09,1141.637
10/6/2015,22.54,1133.691
10/7/2015,21.13,1152.604
10/8/2015,20.27,1163.244
10/9/2015,20.03,1165.356
10/12/2015,18.53,1164.405
10/13/2015,20.13,1147.841
10/14/2015,20.64,1136.972
10/15/2015,17.87,1162.771
10/16/2015,18.01,1162.309
10/19/2015,18.07,1164.296
10/20/2015,18.38,1163.27
10/21/2015,20.1,1144.948
10/22/2015,18.32,1154.524
10/23/2015,17.96,1166.058
10/26/2015,19.01,1159.501
10/27/2015,19.79,1145.291
10/28/2015,18.25,1178.716
10/29/2015,19.14,1165.625
10/30/2015,19.31,1161.863
11/2/2015,19.04,1186.091
11/3/2015,19.11,1191.578
11/4/2015,19.57,1190.385
11/5/2015,19.41,1190.689
11/6/2015,18.18,1199.747
11/9/2015,20.25,1184.432
11/10/2015,19.18,1187.697
11/11/2015,19.72,1178.071
11/12/2015,21.25,1154.809
11/13/2015,23.15,1146.549
11/16/2015,21.12,1156.083
11/17/2015,21.19,1153.21
11/18/2015,19.31,1171.75
11/19/2015,19.28,1166.728
11/20/2015,18.39,1175.151
11/23/2015,18.07,1180.359
11/24/2015,17.53,1188.814
11/25/2015,16.79,1198.015
11/26/2015,16.79,1198.015
11/27/2015,16.89,1202.375
11/30/2015,18.18,1198.111
12/1/2015,17.46,1204.159
12/2/2015,18.06,1191.686
12/3/2015,20.05,1170.566
12/4/2015,17.46,1183.397
12/7/2015,19.39,1164.296
12/8/2015,20.39,1159.397
12/9/2015,21.38,1145.872
12/10/2015,20.59,1149.023
12/11/2015,23.64,1123.608
12/14/2015,23.78,1115.858
12/15/2015,22.08,1131.552
12/16/2015,20,1148.974
12/17/2015,20.57,1135.361
12/18/2015,20.9,1121.02
12/21/2015,20.25,1127.742
12/22/2015,18.71,1137.686
12/23/2015,18.28,1152.817
12/24/2015,18.48,1154.757
12/25/2015,18.48,1154.757
12/28/2015,19.51,1148.213
12/29/2015,18.32,1160.522
12/30/2015,19.31,1149.643
12/31/2015,20.61,1135.889
1/1/2016,20.61,1135.889
1/4/2016,22.89,1108.624
1/5/2016,21.82,1110.439
1/6/2016,22.3,1094.366
1/7/2016,25.99,1064.566
1/8/2016,27.4,1046.202
1/11/2016,25.7,1041.896
1/12/2016,24.75,1044.697
1/13/2016,27.33,1010.187
1/14/2016,26.9,1025.667
1/15/2016,29.65,1007.725
1/18/2016,29.65,1007.725
1/19/2016,29.84,994.869
1/20/2016,30.2,999.315
1/21/2016,29.45,997.342
1/22/2016,25.24,1020.66
1/25/2016,26.86,997.373
1/26/2016,25.76,1017.974
1/27/2016,26.58,1002.747
1/28/2016,26.15,1003.273
1/29/2016,24.18,1035.381
2/1/2016,24.81,1032.388
2/2/2016,25.97,1008.835
2/3/2016,26.01,1010.298
2/4/2016,26.21,1014.789
2/5/2016,28.53,985.618
2/8/2016,30.13,969.338
2/9/2016,31.13,963.895
2/10/2016,30.96,963.481
2/11/2016,32.3,953.715
2/12/2016,30.35,971.99
2/15/2016,30.35,971.99
2/16/2016,28.65,995.802
2/17/2016,27,1011.133
2/18/2016,26.05,1004.706
2/19/2016,24.53,1010.011
2/22/2016,23.56,1021.736
2/23/2016,24.17,1012.151
2/24/2016,23.89,1022.077
2/25/2016,23.02,1031.576
2/26/2016,22.7,1037.183
2/29/2016,23.19,1033.901
3/1/2016,20.93,1054.494
3/2/2016,20.18,1065.673
3/3/2016,19.89,1076.048
3/4/2016,20.48,1081.935
3/7/2016,20.46,1094.146
3/8/2016,22.86,1067.878
3/9/2016,22.23,1072.765
3/10/2016,22.34,1063.989
3/11/2016,20.25,1087.557
3/14/2016,20.08,1084.25
3/15/2016,21.04,1066.666
3/16/2016,19.37,1074.511
3/17/2016,18.83,1091.253
3/18/2016,18.14,1101.673
3/21/2016,18.55,1098.578
3/22/2016,18.64,1097.339
3/23/2016,19.99,1075.699
3/24/2016,19.4,1079.537
3/25/2016,19.4,1079.537
3/28/2016,19.81,1080.231
3/29/2016,18.29,1109.082
3/30/2016,18.15,1110.442
3/31/2016,18.28,1114.028
4/1/2016,17.88,1117.684
4/4/2016,19.08,1108.541
4/5/2016,20.13,1095.854
4/6/2016,18.93,1108.813
4/7/2016,20.51,1092.785
4/8/2016,19.88,1097.314
4/11/2016,19.38,1094.342
4/12/2016,18.34,1105.713
4/13/2016,17.14,1129.926
4/14/2016,17.62,1128.589
4/15/2016,17.41,1130.923
4/18/2016,17.21,1139.278
4/19/2016,17.24,1140.233
4/20/2016,17.09,1142.294
4/21/2016,17.33,1135.77
4/22/2016,16.69,1146.69
4/25/2016,17.62,1138.098
4/26/2016,17.42,1150.728
4/27/2016,17.36,1154.149
4/28/2016,18.23,1140.398
4/29/2016,19.1,1130.845
5/2/2016,18.37,1140.92
5/3/2016,19.89,1121.756
5/4/2016,19.9,1113.135
5/5/2016,20,1107.948
5/6/2016,18.72,1114.72
5/9/2016,19.03,1118.254
5/10/2016,18.11,1128.833
5/11/2016,18.82,1114.741
5/12/2016,18.99,1108.599
5/13/2016,19.07,1102.439
5/16/2016,18.29,1116.212
5/17/2016,19.83,1097.676
5/18/2016,19.78,1102.954
5/19/2016,20.1,1094.778
5/20/2016,18.4,1112.276
5/23/2016,19.13,1111.367
5/24/2016,17.87,1135.307
5/25/2016,17.73,1141.024
5/26/2016,17.35,1139.754
5/27/2016,16.65,1150.45
5/30/2016,16.65,1150.45
5/31/2016,18.05,1154.792
6/1/2016,17.77,1163.041
6/2/2016,17.32,1170.584
6/3/2016,17.42,1164.135
6/6/2016,17.32,1176.872
6/7/2016,17.51,1179.973
6/8/2016,17.51,1188.954
6/9/2016,18.18,1181.202
6/10/2016,20.19,1163.931
6/13/2016,23.47,1150.699
6/14/2016,23.02,1147.823
6/15/2016,22.55,1149.302
6/16/2016,22.18,1148.191
6/17/2016,22.45,1144.698
6/20/2016,22.06,1157.701
6/21/2016,22.26,1153.871
6/22/2016,24.23,1148.971
6/23/2016,21.02,1172.222
6/24/2016,27.13,1127.538
6/27/2016,27.83,1089.646
6/28/2016,23.4,1107.298
6/29/2016,21.79,1131.617
6/30/2016,20.36,1151.923
7/1/2016,19.8,1156.77
7/4/2016,19.8,1156.77
7/5/2016,21.66,1139.453
7/6/2016,20.67,1147.333
7/7/2016,20.28,1149.756
7/8/2016,18.46,1177.36
7/11/2016,17.39,1190.033
7/12/2016,17.1,1205.888
7/13/2016,17.06,1201.161
7/14/2016,17.41,1202.171
7/15/2016,16.4,1205.309
7/18/2016,16.7,1207.906
7/19/2016,16.95,1200.445
7/20/2016,16.32,1209.745
7/21/2016,17.21,1203.86
7/22/2016,16.52,1212.889
7/25/2016,17.7,1209.822
7/26/2016,17.77,1216.859
7/27/2016,17.4,1218.927
7/28/2016,17.54,1217.325
7/29/2016,16.43,1219.942
8/1/2016,16.97,1219.125
8/2/2016,18.18,1202.349
8/3/2016,17.6,1212.725
8/4/2016,17.22,1213.759
8/5/2016,16.14,1231.299
8/8/2016,16.39,1230.422
8/9/2016,16.34,1231.745
8/10/2016,16.95,1223.275
8/11/2016,16.22,1229.116
8/12/2016,15.6,1229.82
8/15/2016,15.31,1241.864
8/16/2016,16.45,1231.129
8/17/2016,16.47,1227.682
8/18/2016,15.88,1236.849
8/19/2016,15.53,1236.769
8/22/2016,16.41,1239.744
8/23/2016,16.2,1248.581
8/24/2016,17.47,1237.25
8/25/2016,17.5,1240.005
8/26/2016,17.65,1238.031
8/29/2016,17.38,1244.943
8/30/2016,17.46,1246.03
8/31/2016,18.03,1239.907
9/1/2016,18.02,1239.804
9/2/2016,16.47,1251.831
9/5/2016,16.47,1251.831
9/6/2016,17.28,1253.37
9/7/2016,16.89,1261.008
9/8/2016,17.25,1258.359
9/9/2016,21.28,1219.21
9/12/2016,18.7,1235.871
9/13/2016,21.35,1212.32
9/14/2016,21.19,1211.591
9/15/2016,19.79,1227.023
9/16/2016,18.51,1224.779
9/19/2016,18.91,1232.526
9/20/2016,19.89,1228.33
9/21/2016,17.77,1245.04
9/22/2016,16.26,1263.438
9/23/2016,16.93,1254.623
9/26/2016,19.2,1240.938
9/27/2016,17.88,1246.381
9/28/2016,17.37,1255.666
9/29/2016,19.07,1237.751
9/30/2016,18.29,1251.646
10/3/2016,18.73,1245.784
10/4/2016,19.1,1239.778
10/5/2016,19.04,1248.371
10/6/2016,18.92,1246.239
10/7/2016,19.67,1236.559
10/10/2016,18.47,1250.764
10/11/2016,20.16,1227.623
10/12/2016,20.53,1227.226
10/13/2016,21.2,1215.75
10/14/2016,20.87,1212.408
10/17/2016,20.89,1210.136
10/18/2016,19.85,1217.3
10/19/2016,19.27,1222.642
10/20/2016,18.51,1219.787
10/21/2016,17.93,1218.096
10/24/2016,17.94,1226.448
10/25/2016,18.67,1216.104
10/26/2016,19.63,1204.749
10/27/2016,20.82,1189.947
10/28/2016,21.44,1187.613
10/31/2016,21.66,1191.388
11/1/2016,23.2,1177.943
11/2/2016,23.79,1162.525
11/3/2016,24.97,1156.885
11/4/2016,25.38,1163.439
11/7/2016,22.25,1192.252
11/8/2016,22.08,1195.144
11/9/2016,19.12,1232.162
11/10/2016,19.48,1251.608
11/11/2016,19.68,1282.394
11/14/2016,19.88,1298.595
11/15/2016,18.49,1302.144
11/16/2016,19.11,1302.2
11/17/2016,18.86,1309.484
11/18/2016,18.12,1315.642
11/21/2016,18,1322.234
11/22/2016,17.97,1334.341
11/23/2016,17.9,1342.094
11/24/2016,17.9,1342.094
11/25/2016,18.13,1347.203
11/28/2016,19.18,1329.828
11/29/2016,19.25,1328.219
11/30/2016,19.02,1322.339
12/1/2016,19.04,1313.803
12/2/2016,18.91,1314.253
12/5/2016,17.67,1337.786
12/6/2016,17.4,1352.668
12/7/2016,17.41,1364.506
12/8/2016,17.83,1386.368
12/9/2016,17.94,1388.073
12/12/2016,17.96,1373.142
12/13/2016,18.25,1373.534
12/14/2016,18.24,1356.024
12/15/2016,17.68,1366.414
12/16/2016,16.24,1364.189
12/19/2016,16.22,1371.684
12/20/2016,16.67,1383.956
12/21/2016,16.81,1375.193
12/22/2016,17.3,1362.659
12/23/2016,16.77,1371.51
12/26/2016,16.77,1371.51
12/27/2016,17.45,1377.707
12/28/2016,18.69,1360.825
12/29/2016,19.02,1363.177
12/30/2016,19.42,1357.13
1/2/2017,19.42,1357.13
1/3/2017,19.06,1365.492
1/4/2017,18.1,1387.954
1/5/2017,18.26,1371.936
1/6/2017,17.52,1367.281
1/9/2017,18.02,1357.491
1/10/2017,17.2,1370.904
1/11/2017,17.05,1373.3
1/12/2017,18.08,1361.066
1/13/2017,17.27,1372.047
1/16/2017,17.27,1372.047
1/17/2017,18.77,1352.324
1/18/2017,18.13,1358.556
1/19/2017,18.49,1345.744
1/20/2017,16.96,1351.848
1/23/2017,17.64,1347.836
1/24/2017,17.06,1369.21
1/25/2017,16.7,1382.437
1/26/2017,16.42,1375.595
1/27/2017,16.58,1370.704
1/30/2017,18.4,1352.333
1/31/2017,18.7,1361.824
2/1/2017,18.19,1361.228
2/2/2017,18.56,1357.432
2/3/2017,17.06,1377.837
2/6/2017,18.09,1366.66
2/7/2017,18.55,1361.061
2/8/2017,18.67,1358.737
2/9/2017,17.99,1378.526
2/10/2017,17.91,1388.844
2/13/2017,17.73,1392.378
2/14/2017,16.68,1396.651
2/15/2017,16.63,1404.207
2/16/2017,16.6,1399.133
2/17/2017,16.17,1399.862
2/20/2017,16.17,1399.862
2/21/2017,16.49,1410.344
2/22/2017,16.55,1403.855
2/23/2017,17.15,1394.623
2/24/2017,16.9,1394.525
2/27/2017,17.32,1407.97
2/28/2017,19.03,1386.684
3/1/2017,17.9,1413.635
3/2/2017,17.36,1395.668
3/3/2017,16.69,1394.127
3/6/2017,17.4,1384.245
3/7/2017,16.9,1374.876
3/8/2017,17.31,1366.039
3/9/2017,17.51,1360.119
3/10/2017,16.47,1365.265
3/13/2017,15.34,1370.285
3/14/2017,15.82,1362.379
3/15/2017,15.24,1382.83
3/16/2017,14.64,1386.029
3/17/2017,14.14,1391.524
3/20/2017,14.96,1384.096
3/21/2017,17.76,1346.546
3/22/2017,18.04,1345.598
3/23/2017,18.22,1353.425
3/24/2017,18.38,1354.642
3/27/2017,17.98,1357.321
3/28/2017,16.89,1367.261
3/29/2017,16.34,1371.645
3/30/2017,15.84,1382.345
3/31/2017,16.16,1385.92
4/3/2017,17.38,1369.668
4/4/2017,17.26,1368.175
4/5/2017,18.76,1352.143
4/6/2017,17.84,1364.426
4/7/2017,17.87,1364.563
4/10/2017,18.87,1367.085
4/11/2017,18.73,1376.946
4/12/2017,20.14,1359.199
4/13/2017,20.11,1345.244
4/14/2017,20.11,1345.244
4/17/2017,19.49,1361.18
4/18/2017,19.97,1361.894
4/19/2017,19.75,1367.133
4/20/2017,18.02,1384.15
4/21/2017,18.18,1379.854
4/24/2017,16.12,1397.942
4/25/2017,15.86,1411.077
4/26/2017,15.92,1419.431
4/27/2017,15.46,1417.127
4/28/2017,15.34,1400.428
5/1/2017,15.35,1407.362
5/2/2017,15.48,1399.362
5/3/2017,15.73,1390.922
5/4/2017,15.73,1388.846
5/5/2017,15.36,1396.995
5/8/2017,15.34,1391.639
5/9/2017,15.5,1391.864
5/10/2017,15.06,1399.589
5/11/2017,15.59,1390.196
5/12/2017,15.78,1382.77
5/15/2017,15.61,1393.923
5/16/2017,15.37,1394.683
5/17/2017,19.22,1355.889
5/18/2017,18.74,1361.077
5/19/2017,16.85,1367.33
5/22/2017,16.06,1377.139
5/23/2017,15.78,1380.982
5/24/2017,15.11,1382.509
5/25/2017,15.08,1383.388
5/26/2017,14.79,1382.244
5/29/2017,14.79,1382.244
5/30/2017,15.8,1371.193
5/31/2017,15.91,1370.208
6/1/2017,15.54,1396.06
6/2/2017,15.07,1405.387
6/5/2017,15.96,1396.451
6/6/2017,16.18,1394.899
6/7/2017,16.14,1396.674
6/8/2017,15.48,1415.612
6/9/2017,15.83,1421.707
6/12/2017,15.48,1419.211
6/13/2017,14.33,1425.985
6/14/2017,14.96,1417.573
6/15/2017,15.01,1410.084
6/16/2017,14.06,1406.728
6/19/2017,13.89,1418.081
6/20/2017,14.76,1402.968
6/21/2017,15.17,1399.255
6/22/2017,14.72,1404.538
6/23/2017,14.31,1414.778
6/26/2017,14.6,1416.64
6/27/2017,15.28,1403.522
6/28/2017,14.31,1425.269
6/29/2017,15.15,1416.199
6/30/2017,15.2,1415.359
7/3/2017,15.21,1426.682
7/4/2017,15.21,1426.682
7/5/2017,15.52,1420.147
7/6/2017,17.3,1400.815
7/7/2017,15.81,1415.835
7/10/2017,15.82,1408.475
7/11/2017,15.73,1413.054
7/12/2017,14.81,1424.321
7/13/2017,14.41,1425.661
7/14/2017,14,1428.817
7/17/2017,13.88,1431.602
7/18/2017,13.9,1427.614
7/19/2017,13.22,1441.771
7/20/2017,13.67,1442.354
7/21/2017,13.85,1435.839
7/24/2017,14.02,1438.055
7/25/2017,13.81,1450.387
7/26/2017,14.06,1442.279
7/27/2017,15.22,1433.624
7/28/2017,15.3,1429.26
7/31/2017,15.48,1425.144
8/1/2017,14.83,1428.33
8/2/2017,15.61,1412.903
8/3/2017,15.51,1405.229
8/4/2017,14.63,1412.321
8/7/2017,14.7,1414.167
8/8/2017,15.67,1410.151
8/9/2017,16.53,1396.948
8/10/2017,19.2,1372.544
8/11/2017,19.59,1374.231
8/14/2017,16.46,1394.309
8/15/2017,15.86,1383.237
8/16/2017,16.06,1383.534
8/17/2017,18.76,1358.94
8/18/2017,17.76,1357.793
8/21/2017,17.61,1356.905
8/22/2017,16.17,1371.537
8/23/2017,16.52,1369.739
8/24/2017,16.3,1373.875
8/25/2017,15.68,1377.453
8/28/2017,15.81,1382.229
8/29/2017,16.07,1383.681
8/30/2017,15.19,1391.324
8/31/2017,14.85,1405.277
9/1/2017,14.31,1413.571
9/4/2017,14.31,1413.571
9/5/2017,16.18,1399.655
9/6/2017,15.96,1402.196
9/7/2017,15.71,1398.674
9/8/2017,15.49,1399.429
9/11/2017,12.98,1414.828
9/12/2017,13.28,1423.463
9/13/2017,12.65,1426.894
9/14/2017,12.69,1425.023
9/15/2017,11.83,1431.712
9/18/2017,12.14,1441.083
9/19/2017,12.35,1440.404
9/20/2017,13.02,1445.42
9/21/2017,12.65,1444.184
9/22/2017,12.68,1450.781
9/25/2017,13.34,1451.958
9/26/2017,13.29,1456.863
9/27/2017,13.55,1484.813
9/28/2017,13.58,1488.786
9/29/2017,14.02,1490.861
10/2/2017,14.58,1509.472
10/3/2017,13.97,1511.967
10/4/2017,14.25,1507.765
10/5/2017,14.11,1512.088
10/6/2017,14.55,1510.217
10/9/2017,15,1503.561
10/10/2017,14.92,1508.005
10/11/2017,14.6,1506.925
10/12/2017,14.46,1505.164
10/13/2017,14.63,1502.658
10/16/2017,14.28,1502.681
10/17/2017,14.1,1497.499
10/18/2017,13.71,1505.144
10/19/2017,13.83,1502.044
10/20/2017,13.49,1509.247
10/23/2017,14.98,1497.492
10/24/2017,15.37,1500.42
10/25/2017,16.2,1493.478
10/26/2017,15.74,1497.459
10/27/2017,14.41,1508.316
10/30/2017,15.77,1490.899
10/31/2017,15.88,1502.773
11/1/2017,15.92,1492.778
11/2/2017,15.58,1496.547
11/3/2017,14.97,1494.91
11/6/2017,14.78,1497.962
11/7/2017,15.7,1479.091
11/8/2017,15.54,1481.734
11/9/2017,15.5,1475.019
11/10/2017,15.49,1475.275
11/13/2017,15.52,1475.068
11/14/2017,15.92,1471.257
11/15/2017,16.44,1464.095
11/16/2017,15.33,1486.881
11/17/2017,14.8,1492.822
11/20/2017,15.31,1503.396
11/21/2017,14.79,1518.89
11/22/2017,15.44,1516.762
11/23/2017,15.44,1516.762
11/24/2017,15.27,1519.163
11/27/2017,15.56,1513.309
11/28/2017,15.34,1536.433
11/29/2017,16.24,1542.297
11/30/2017,16.3,1544.141
12/1/2017,17.67,1537.021
12/4/2017,18.18,1532.414
12/5/2017,17.9,1516.761
12/6/2017,17.84,1508.883
12/7/2017,17.01,1520.469
12/8/2017,16.05,1521.724
12/11/2017,14.41,1519.84
12/12/2017,14.4,1516.117
12/13/2017,14.3,1524.446
12/14/2017,15.02,1506.95
12/15/2017,13.72,1530.425
12/18/2017,14.15,1548.925
12/19/2017,15.05,1536.75
12/20/2017,14.94,1540.076
12/21/2017,14.31,1547.107
12/22/2017,14.18,1542.925
12/25/2017,14.18,1542.925
12/26/2017,14.48,1544.226
12/27/2017,14.56,1543.937
12/28/2017,14.1,1548.926
12/29/2017,14.99,1535.511
1/1/2018,14.99,1535.511
1/2/2018,13.97,1550.011
1/3/2018,13.5,1552.576
1/4/2018,13.73,1555.724
1/5/2018,13.77,1560.01
1/8/2018,13.75,1561.808
1/9/2018,13.89,1560.099
1/10/2018,13.8,1559.801
1/11/2018,13.83,1586.787
1/12/2018,13.87,1591.972
1/15/2018,13.87,1591.972
1/16/2018,15.04,1572.97
1/17/2018,15.28,1586.658
1/18/2018,16.07,1576.729
1/19/2018,15.3,1597.628
1/22/2018,15.8,1605.165
1/23/2018,15.74,1610.706
1/24/2018,16.37,1599.611
1/25/2018,16.54,1601.669
1/26/2018,16.54,1608.058
1/29/2018,18.23,1598.109
1/30/2018,18.17,1582.817
1/31/2018,17.77,1574.982
2/1/2018,17.11,1579.866
2/2/2018,20.09,1547.273
2/5/2018,34.49,1491.089
2/6/2018,23.96,1507.168
2/7/2018,22.36,1507.969
2/8/2018,27.9,1463.793
2/9/2018,27.85,1477.836
2/12/2018,21.63,1490.981
2/13/2018,20.21,1494.95
2/14/2018,18.94,1522.096
2/15/2018,18.29,1537.197
2/16/2018,17.96,1543.551
2/19/2018,17.96,1543.551
2/20/2018,19.74,1529.992
2/21/2018,20.47,1531.836
2/22/2018,19.2,1529.987
2/23/2018,17.86,1549.186
2/26/2018,17.2,1559.332
2/27/2018,19.74,1536.474
2/28/2018,21.85,1512.446
3/1/2018,22.76,1507.388
3/2/2018,20.83,1533.172
3/5/2018,19.77,1546.048
3/6/2018,19.33,1562.204
3/7/2018,19.27,1574.533
3/8/2018,18.66,1571.965
3/9/2018,16.58,1597.142
3/12/2018,15.98,1601.056
3/13/2018,16.71,1592.052
3/14/2018,17.75,1584.311
3/15/2018,18.09,1576.618
3/16/2018,16.49,1586.048
3/19/2018,19.74,1570.562
3/20/2018,18.76,1570.405
3/21/2018,18.17,1579.303
3/22/2018,21.92,1543.872
3/23/2018,25.32,1510.083
3/26/2018,21.32,1543.717
3/27/2018,22.62,1513.566
3/28/2018,23.07,1513.031
3/29/2018,21.03,1529.427
3/30/2018,21.03,1529.427
4/2/2018,24.25,1492.531
4/3/2018,22.31,1512.155
4/4/2018,20.83,1531.665
4/5/2018,19.95,1542.927
4/6/2018,21.63,1513.297
4/9/2018,21.44,1514.463
4/10/2018,19.55,1543.433
4/11/2018,19.76,1546.805
4/12/2018,18.05,1557.326
4/13/2018,17.68,1549.509
4/16/2018,16.12,1563.033
4/17/2018,15.65,1579.802
4/18/2018,15.98,1583.562
4/19/2018,17.35,1573.818
4/20/2018,17.35,1564.124
4/23/2018,16.98,1562.12
4/24/2018,18.16,1553.281
4/25/2018,17.93,1550.467
4/26/2018,16.77,1557.895
4/27/2018,15.7,1556.236
4/30/2018,16.45,1541.884
5/1/2018,16.19,1550.342
5/2/2018,16.37,1554.914
5/3/2018,16.45,1546.558
5/4/2018,15.6,1565.603
5/7/2018,15.68,1578.948
5/8/2018,15.42,1586.392
5/9/2018,14.99,1596.053
5/10/2018,14.71,1603.713
5/11/2018,14.25,1606.792
5/14/2018,14.74,1600.344
5/15/2018,14.87,1600.34
5/16/2018,14.63,1616.367
5/17/2018,14.33,1625.29
5/18/2018,14.44,1626.629
5/21/2018,14.32,1637.442
5/22/2018,14.73,1625.237
5/23/2018,14.33,1627.609
5/24/2018,14.25,1628.222
5/25/2018,14.64,1626.928
5/28/2018,14.64,1626.928
5/29/2018,16.79,1623.649
5/30/2018,15.39,1647.989
5/31/2018,16.17,1633.609
6/1/2018,14.84,1647.983
6/4/2018,14.68,1653.37
6/5/2018,14.53,1664.625
6/6/2018,14.17,1675.949
6/7/2018,14.63,1667.775
6/8/2018,14.52,1672.49
6/11/2018,13.26,1674.678
6/12/2018,13.42,1682.299
6/13/2018,13.52,1676.537
6/14/2018,12.93,1684.725
6/15/2018,13.41,1683.908
6/18/2018,14.07,1692.46
6/19/2018,14.62,1693.446
6/20/2018,14.78,1706.985
6/21/2018,16.89,1688.95
6/22/2018,16.15,1685.577
6/25/2018,19.01,1657.51
6/26/2018,17.75,1668.527
6/27/2018,19.96,1640.454
6/28/2018,19.21,1645.017
6/29/2018,17.69,1643.069
7/2/2018,17.77,1655.086
7/3/2018,17.51,1660.42
7/4/2018,17.51,1660.42
7/5/2018,16.88,1679.482
7/6/2018,15.32,1694.054
7/9/2018,14.67,1704.603
7/10/2018,15.33,1695.618
7/11/2018,15.89,1683.662
7/12/2018,15.43,1690.277
7/13/2018,14.76,1687.079
7/16/2018,14.99,1678.544
7/17/2018,14.03,1687.264
7/18/2018,13.86,1691.869
7/19/2018,14.19,1701.311
7/20/2018,14.02,1696.808
7/23/2018,14.31,1698.414
7/24/2018,15.62,1680.195
7/25/2018,14.8,1685.203
7/26/2018,14.28,1695.36
7/27/2018,16.56,1663.34
7/30/2018,17.49,1653.132
7/31/2018,16.06,1670.805
8/1/2018,16.33,1669.263
8/2/2018,15.01,1682.099
8/3/2018,15.13,1673.372
8/6/2018,14.44,1684.311
8/7/2018,13.79,1688.3
8/8/2018,13.78,1686.882
8/9/2018,13.91,1690.887
8/10/2018,14.77,1686.804
8/13/2018,15.22,1675.315
8/14/2018,14.24,1692.578
8/15/2018,16.08,1670.666
8/16/2018,14.47,1685.752
8/17/2018,14.3,1692.947
8/20/2018,14.64,1698.693
8/21/2018,14.34,1718.045
8/22/2018,14.34,1722.542
8/23/2018,14.58,1717.051
8/24/2018,13.86,1725.671
8/27/2018,14.09,1728.406
8/28/2018,14.38,1728.422
8/29/2018,14.38,1734.749
8/30/2018,14.61,1732.354
8/31/2018,14.43,1740.753
9/3/2018,14.43,1740.753
9/4/2018,15.07,1733.377
9/5/2018,15.43,1727.645
9/6/2018,16.25,1714.468
9/7/2018,15.67,1713.18
9/10/2018,15.65,1717.467
9/11/2018,15.08,1718.404
9/12/2018,14.87,1715.696
9/13/2018,14.46,1714.32
9/14/2018,13.64,1721.719
9/17/2018,14.95,1703.548
9/18/2018,14.18,1710.971
9/19/2018,14.2,1702.934
9/20/2018,13.4,1720.184
9/21/2018,13.84,1712.316
9/24/2018,14.96,1705.318
9/25/2018,14.49,1708.805
9/26/2018,15.18,1691.608
9/27/2018,14.86,1690.526
9/28/2018,14.36,1696.571
10/1/2018,15.96,1672.992
10/2/2018,17.11,1656.042
10/3/2018,15.86,1671.294
10/4/2018,18.36,1646.911
10/5/2018,19.59,1632.112
10/8/2018,19.6,1629.515
10/9/2018,19.36,1621.865
10/10/2018,23.99,1575.412
10/11/2018,23.49,1545.38
10/12/2018,23.32,1546.679
10/15/2018,23.09,1553.095
10/16/2018,20.29,1596.837
10/17/2018,20.51,1589.604
10/18/2018,22.95,1560.752
10/19/2018,23.53,1542.042
10/22/2018,23.48,1539.501
10/23/2018,24.08,1526.587
10/24/2018,27.97,1468.698
10/25/2018,26.52,1500.396
10/26/2018,28.64,1483.821
10/29/2018,29.36,1477.306
10/30/2018,28.35,1506.637
10/31/2018,26.62,1511.413
11/1/2018,23.92,1544.98
11/2/2018,23.89,1547.981
11/5/2018,24.25,1547.512
11/6/2018,23.79,1556.098
11/7/2018,20.22,1582.159
11/8/2018,20.26,1578.209
11/9/2018,22.36,1549.493
11/12/2018,25.15,1518.794
11/13/2018,24.51,1514.802
11/14/2018,25.35,1502.505
11/15/2018,23.58,1524.122
11/16/2018,21.82,1527.533
11/19/2018,22.95,1496.541
11/20/2018,25.24,1469.009
11/21/2018,23.55,1488.279
11/22/2018,23.55,1488.279
11/23/2018,23.77,1488.681
11/26/2018,23.32,1505.958
11/27/2018,22.66,1492.855
11/28/2018,21.93,1530.384
11/29/2018,22.05,1525.387
11/30/2018,21.07,1533.266
12/3/2018,19.73,1548.957
12/4/2018,24.24,1480.751
12/5/2018,24.24,1480.751
12/6/2018,25.11,1477.412
12/7/2018,26.04,1448.089
12/10/2018,26.41,1443.095
12/11/2018,25.66,1440.134
12/12/2018,24.54,1455.323
12/13/2018,24.52,1432.7
12/14/2018,25.45,1410.813
12/17/2018,28.04,1378.144
12/18/2018,28.25,1377.176
12/19/2018,28.49,1349.229
12/20/2018,31.35,1326.002
12/21/2018,30.93,1292.086
12/24/2018,34.74,1266.925
12/25/2018,34.74,1266.925
12/26/2018,30.26,1329.811
12/27/2018,31.67,1331.817
12/28/2018,29.32,1337.923
12/31/2018,28.54,1348.559
1/1/2019,28.54,1348.559
1/2/2019,26.85,1355.906
1/3/2019,28.44,1330.831
1/4/2019,25.3,1380.747
1/7/2019,24.84,1405.365
1/8/2019,24.2,1426.552
1/9/2019,23.81,1438.807
1/10/2019,23.33,1445.432
1/11/2019,21.74,1447.385
1/14/2019,22.2,1432.814
1/15/2019,21.31,1445.218
1/16/2019,21.91,1454.697
1/17/2019,21.45,1467.249
1/18/2019,20.78,1482.501
1/21/2019,20.78,1482.501
1/22/2019,23.35,1457.454
1/23/2019,23.46,1454.255
1/24/2019,22.51,1464.406
1/25/2019,20.93,1482.853
1/28/2019,22.13,1473.536
1/29/2019,21.73,1471.448
1/30/2019,20.13,1486.942
1/31/2019,19.1,1499.419
2/1/2019,18.48,1502.054
2/4/2019,17.32,1517.536
2/5/2019,17.89,1520.225
2/6/2019,17.42,1518.021
2/7/2019,18.61,1505.625
2/8/2019,18.12,1506.394
2/11/2019,17.68,1518.982
2/12/2019,16.93,1538.23
2/13/2019,17.15,1542.943
2/14/2019,17.5,1545.105
2/15/2019,16,1569.247
2/18/2019,16,1569.247
2/19/2019,16.51,1574.468
2/20/2019,16.11,1581.661
2/21/2019,16.33,1575.547
2/22/2019,15.57,1590.062
2/25/2019,16.67,1588.805
2/26/2019,17.66,1577.483
2/27/2019,17.28,1581.052
2/28/2019,17.16,1575.549
3/1/2019,16.12,1589.64
3/4/2019,17.57,1575.437
3/5/2019,17.43,1568.283
3/6/2019,18.99,1536.82
3/7/2019,19.76,1523.629
3/8/2019,19.2,1521.884
3/11/2019,17.13,1548.877
3/12/2019,16.69,1549.835
3/13/2019,15.89,1555.88
3/14/2019,15.87,1549.635
3/15/2019,15.33,1553.538
3/18/2019,15.98,1563.932
3/19/2019,16.98,1554.985
3/20/2019,17.53,1543.159
3/21/2019,17.02,1562.412
3/22/2019,20.84,1505.923
3/25/2019,20.16,1512.864
3/26/2019,18.9,1528.166
3/27/2019,19.17,1522.231
3/28/2019,18.46,1535.104
3/29/2019,17.8,1539.739
4/1/2019,17.75,1556.064
4/2/2019,17.51,1553.325
4/3/2019,17.52,1560.91
4/4/2019,16.97,1567.494
4/5/2019,16.13,1582.558
4/8/2019,16.76,1579.005
4/9/2019,17.61,1559.683
4/10/2019,16.86,1581.551
4/11/2019,16.86,1579.141
4/12/2019,16.06,1584.802
4/15/2019,16.3,1579.168
4/16/2019,16.09,1582.785
4/17/2019,16.43,1567.597
4/18/2019,16.03,1565.748
4/19/2019,16.03,1565.748
4/22/2019,16.56,1560.045
4/23/2019,15.93,1585.093
4/24/2019,16.37,1588.132
4/25/2019,16.82,1575.612
4/26/2019,16.12,1591.816
4/29/2019,16.65,1598.356
4/30/2019,17.06,1591.211
5/1/2019,18.35,1576.379
5/2/2019,18.12,1582.651
5/3/2019,16.8,1614.022
5/6/2019,18.95,1614.976
5/7/2019,22.03,1582.312
5/8/2019,22.11,1574.975
5/9/2019,22.34,1570.057
5/10/2019,18.98,1572.993
5/13/2019,23.74,1523.001
5/14/2019,20.99,1543.058
5/15/2019,19.56,1548.271
5/16/2019,18.57,1557.239
5/17/2019,19.37,1535.763
5/20/2019,19.85,1524.963
5/21/2019,18.3,1545.248
5/22/2019,18.6,1531.625
5/23/2019,20.82,1501.38
5/24/2019,19.41,1514.109
5/27/2019,19.41,1514.109
5/28/2019,20.81,1504.019
5/29/2019,20.95,1489.952
5/30/2019,20.46,1485.531
5/31/2019,21.51,1465.487
6/3/2019,21.32,1469.983
6/4/2019,19.6,1508.561
6/5/2019,19.4,1506.793
6/6/2019,19.45,1503.538
6/7/2019,19.02,1514.391
6/10/2019,19.15,1523.561
6/11/2019,19.58,1519.108
6/12/2019,19.41,1519.792
6/13/2019,18.85,1535.804
6/14/2019,18.62,1522.499
6/17/2019,18.73,1532.752
6/18/2019,18.18,1550.229
6/19/2019,17.68,1555.579
6/20/2019,17.74,1563.495
6/21/2019,17.85,1549.628
6/24/2019,18.46,1530.083
6/25/2019,19.29,1521.035
6/26/2019,19.35,1517.775
6/27/2019,18.57,1546.55
6/28/2019,18.05,1566.572
7/1/2019,16.66,1569.663
7/2/2019,15.92,1560.538
7/3/2019,15.7,1572.122
7/4/2019,15.7,1572.122
7/5/2019,15.77,1575.625
7/8/2019,16.54,1561.387
7/9/2019,16.99,1562.589
7/10/2019,16.18,1565.046
7/11/2019,15.91,1557.921
7/12/2019,15.11,1569.998
7/15/2019,15.66,1561.82
7/16/2019,15.54,1561.995
7/17/2019,16.47,1550.778
7/18/2019,16.06,1555.624
7/19/2019,16.59,1547.896
7/22/2019,16.34,1544.783
7/23/2019,15.52,1554.962
7/24/2019,15.05,1580.417
7/25/2019,16.14,1561.449
7/26/2019,15.72,1578.967
7/29/2019,16.74,1569.025
7/30/2019,17.28,1585.599
7/31/2019,18.52,1574.605
8/1/2019,20.41,1550.764
8/2/2019,21.09,1533.659
8/5/2019,26.14,1487.414
8/6/2019,23.44,1502.086
8/7/2019,22.64,1500.686
8/8/2019,19.93,1532.132
8/9/2019,20.52,1513.043
8/12/2019,23.53,1494.275
8/13/2019,20.71,1510.575
8/14/2019,25.12,1467.522
8/15/2019,24.28,1461.648
8/16/2019,21.51,1493.64
8/19/2019,19.86,1508.85
8/20/2019,20.33,1498.006
8/21/2019,19.22,1509.85
8/22/2019,20.3,1506.002
8/23/2019,24.3,1459.485
8/26/2019,23.17,1476.002
8/27/2019,24.35,1456.039
8/28/2019,23.04,1472.713
8/29/2019,21.1,1496.72
8/30/2019,22.02,1494.839
9/2/2019,22.02,1494.839
9/3/2019,23.52,1472.283
9/4/2019,21.5,1484.758
9/5/2019,20.09,1510.745
9/6/2019,19.26,1505.168
9/9/2019,19.7,1524.231
9/10/2019,19.44,1542.989
9/11/2019,18.97,1575.712
9/12/2019,19.06,1575.066
9/13/2019,18.66,1578.138
9/16/2019,19.49,1584.597
9/17/2019,19.9,1578.29
9/18/2019,19.83,1568.344
9/19/2019,18.59,1561.474
9/20/2019,19.06,1559.765
9/23/2019,18.72,1558.247
9/24/2019,21.23,1533.586
9/25/2019,20.12,1550.654
9/26/2019,20.42,1533.326
9/27/2019,21.24,1520.476
9/30/2019,20.08,1523.373
10/1/2019,22.16,1493.432
10/2/2019,23.36,1479.63
10/3/2019,22.04,1486.347
10/4/2019,20.35,1500.702
10/7/2019,21.14,1497.787
10/8/2019,23.13,1472.598
10/9/2019,22.11,1479.461
10/10/2019,21.51,1485.364
10/11/2019,20.05,1511.9
10/14/2019,19.13,1505.429
10/15/2019,17.41,1523.302
10/16/2019,17.71,1525.057
10/17/2019,17.11,1541.844
10/18/2019,17.83,1535.482
10/21/2019,17.52,1550.139
10/22/2019,17.86,1550.866
10/23/2019,17.33,1552.855
10/24/2019,17.05,1550.18
10/25/2019,16.04,1558.708
10/28/2019,16.62,1571.933
10/29/2019,17,1577.073
10/30/2019,16.75,1572.847
10/31/2019,17.21,1562.452
11/1/2019,16.08,1589.33
11/4/2019,16.68,1597.396
11/5/2019,16.76,1599.611
11/6/2019,16.91,1589.542
11/7/2019,16.95,1593.99
11/8/2019,16.4,1598.864
11/11/2019,16.33,1594.77
11/12/2019,16.08,1595.117
11/13/2019,16.43,1589.179
11/14/2019,16.74,1588.794
11/15/2019,15.47,1596.454
11/18/2019,15.79,1592.341
11/19/2019,16.18,1598.292
11/20/2019,16.07,1591.609
11/21/2019,16.46,1583.962
11/22/2019,15.39,1588.943
11/25/2019,15.34,1621.904
11/26/2019,14.97,1624.231
11/27/2019,14.91,1634.104
11/28/2019,14.91,1634.104
11/29/2019,15.22,1624.503
12/2/2019,17.65,1607.579
12/3/2019,19.1,1602.63
12/4/2019,18.48,1613.896
12/5/2019,17.67,1614.833
12/6/2019,16.15,1633.837
12/9/2019,17.94,1629.619
12/10/2019,18.2,1631.714
12/11/2019,17.61,1631.926
12/12/2019,16.53,1644.813
12/13/2019,14.73,1637.976
12/16/2019,14.4,1649.939
12/17/2019,14.3,1657.564
12/18/2019,14.24,1661.731
12/19/2019,14.13,1667.094
12/20/2019,14.45,1671.902
12/23/2019,14.79,1674.141
12/24/2019,15.08,1678.01
12/25/2019,15.08,1678.01
12/26/2019,15.05,1677.67
12/27/2019,15.97,1669.033
12/30/2019,16.73,1664.15
12/31/2019,16.03,1668.469
1/1/2020,16.03,1668.469
1/2/2020,15.09,1666.772
1/3/2020,16.07,1660.87
1/6/2020,16.19,1663.257
1/7/2020,15.96,1658.305
1/8/2020,15.48,1663.593
1/9/2020,15.11,1664.988
1/10/2020,14.73,1657.643
1/13/2020,13.35,1669.605
1/14/2020,13.54,1675.741
1/15/2020,14.07,1682.396
1/16/2020,13.88,1705.215
1/17/2020,13.69,1699.635
1/20/2020,13.69,1699.635
1/21/2020,15.07,1685.898
1/22/2020,15,1684.463
1/23/2020,15.46,1685.011
1/24/2020,16.28,1662.232
1/27/2020,19.56,1644.138
1/28/2020,18.21,1658.314
1/29/2020,18.31,1649.221
1/30/2020,17.77,1648.219
1/31/2020,20.33,1614.061
2/3/2020,19.78,1632.205
2/4/2020,17.54,1656.768
2/5/2020,16.41,1681.921
2/6/2020,16.43,1677.457
2/7/2020,17.63,1656.778
2/10/2020,16.97,1667.669
2/11/2020,16.79,1677.515
2/12/2020,15.57,1689.377
2/13/2020,15.92,1693.736
2/14/2020,15.72,1687.584
2/17/2020,15.72,1687.584
2/18/2020,16.63,1683.522
2/19/2020,15.78,1692.573
2/20/2020,17.43,1696.069
2/21/2020,18.94,1678.609
2/24/2020,24.73,1628.104
2/25/2020,28.83,1571.897
2/26/2020,28.9,1552.761
2/27/2020,38.07,1497.87
2/28/2020,42.47,1476.431
3/2/2020,33.26,1518.491
3/3/2020,36.49,1486.083
3/4/2020,30.75,1531.197
3/5/2020,39.16,1478.824
3/6/2020,42.41,1449.221
3/9/2020,52.96,1313.44
3/10/2020,47.19,1350.898
3/11/2020,54.03,1264.296
3/12/2020,73.93,1122.93
3/13/2020,55.95,1209.46
3/16/2020,83.19,1037.416
3/17/2020,72.99,1106.51
3/18/2020,81.12,991.16
3/19/2020,76.64,1058.749
3/20/2020,69.21,1013.889
3/23/2020,65.54,1002.417
3/24/2020,65.03,1096.555
3/25/2020,69.86,1110.365
3/26/2020,65.21,1180.319
3/27/2020,70.41,1131.988
3/30/2020,61.86,1158.317
3/31/2020,60.46,1153.103
4/1/2020,65.26,1071.994
4/2/2020,58.37,1085.808
4/3/2020,56.82,1052.053
4/6/2020,53.49,1138.778
4/7/2020,55.4,1139.17
4/8/2020,53.19,1191.664
4/9/2020,52.48,1246.726
4/10/2020,52.48,1246.726
4/13/2020,52.47,1212.042
4/14/2020,49.78,1237.333
4/15/2020,53.49,1183.977
4/16/2020,53.93,1178.089
4/17/2020,52.76,1229.098
4/20/2020,55.9,1213.348
4/21/2020,54.28,1185.094
4/22/2020,49.72,1201.523
4/23/2020,48.91,1214.065
4/24/2020,44.72,1233.053
4/27/2020,41.06,1281.878
4/28/2020,40.59,1298.083
4/29/2020,38.9,1360.763
4/30/2020,42.62,1310.664
5/1/2020,46.23,1260.48
5/4/2020,45.46,1263.969
5/5/2020,43.72,1273.51
5/6/2020,44.46,1263.008
5/7/2020,42.21,1282.927
5/8/2020,40.49,1329.638
5/11/2020,41.56,1321.24
5/12/2020,44.7,1275.536
5/13/2020,49.12,1233.251
5/14/2020,48.87,1237.554
5/15/2020,46.51,1256.992
5/18/2020,43.89,1333.689
5/19/2020,45.23,1307.719
5/20/2020,42.3,1346.927
5/21/2020,40.54,1347.559
5/22/2020,38.93,1355.531
5/25/2020,38.93,1355.531
5/26/2020,37.64,1393.074
5/27/2020,36.39,1436.358
5/28/2020,38.96,1400.673
5/29/2020,38.14,1394.035
6/1/2020,39.88,1405.372
6/2/2020,38.19,1418.208
6/3/2020,36.34,1452.09
6/4/2020,36.25,1452.063
6/5/2020,35,1507.153
6/8/2020,36.93,1536.895
6/9/2020,39.41,1507.051
6/10/2020,39.62,1467.39
6/11/2020,51.11,1356.224
6/12/2020,49.21,1387.685
6/15/2020,47.98,1419.607
6/16/2020,47.57,1452.26
6/17/2020,47.95,1426.531
6/18/2020,47.76,1427.075
6/19/2020,47.29,1418.634
6/22/2020,43.62,1433.527
6/23/2020,41.84,1439.338
6/24/2020,45.45,1389.741
6/25/2020,42.57,1413.315
6/26/2020,44.85,1378.78
6/29/2020,41.64,1421.207
6/30/2020,38.14,1441.365
7/1/2020,37.52,1427.314
7/2/2020,35.98,1431.86
7/3/2020,35.98,1431.86
7/6/2020,37.8,1442.882
7/7/2020,38.41,1415.996
7/8/2020,37.27,1427.402
7/9/2020,38.87,1398.92
7/10/2020,37.5,1422.679
7/13/2020,42.56,1403.566
7/14/2020,40.36,1428.26
7/15/2020,40.34,1478.27
7/16/2020,38.46,1467.564
7/17/2020,35.88,1473.319
7/20/2020,34.52,1467.954
7/21/2020,34.33,1487.512
7/22/2020,33.67,1490.141
7/23/2020,34.64,1490.203
7/24/2020,33.39,1467.555
7/27/2020,32.57,1484.651
7/28/2020,33.31,1469.755
7/29/2020,31.88,1500.63
7/30/2020,31.77,1495.101
7/31/2020,33.1,1480.427
8/3/2020,32.34,1506.803
8/4/2020,31.21,1517.213
8/5/2020,30.04,1546.237
8/6/2020,30.08,1544.624
8/7/2020,30.12,1569.185
8/10/2020,31.1,1584.67
8/11/2020,32.79,1575.099
8/12/2020,31.13,1583.246
8/13/2020,29.9,1579.787
8/14/2020,29.3,1577.88
8/17/2020,27.43,1585.474
8/18/2020,28.23,1569.773
8/19/2020,28.65,1572.066
8/20/2020,28.73,1564.301
8/21/2020,28.73,1552.476
8/24/2020,28.47,1568.47
8/25/2020,28.29,1571.209
8/26/2020,28.67,1560.193
8/27/2020,29.61,1564.563
8/28/2020,28.03,1578.343
8/31/2020,31.65,1561.876
9/1/2020,32.15,1578.581
9/2/2020,33.08,1592.287
9/3/2020,38.2,1544.68
9/4/2020,36,1535.304
9/7/2020,36,1535.304
9/8/2020,35.72,1504.591
9/9/2020,32.34,1526.48
9/10/2020,33.5,1507.751
9/11/2020,32.28,1497.271
9/14/2020,29.5,1536.974
9/15/2020,28.97,1538.154
9/16/2020,29.24,1552.329
9/17/2020,29.62,1542.598
9/18/2020,29.55,1536.779
9/21/2020,33.78,1485.252
9/22/2020,33.34,1496.961
9/23/2020,35.53,1451.458
9/24/2020,35.61,1451.819
9/25/2020,33.98,1474.908
9/28/2020,33.87,1510.342
9/29/2020,34.48,1504.727
9/30/2020,34.49,1507.692
10/1/2020,35.2,1531.202
10/2/2020,35.08,1539.297
10/5/2020,34.17,1581.965
10/6/2020,35.46,1577.291
10/7/2020,33.8,1611.041
10/8/2020,32.71,1628.547
10/9/2020,30.51,1637.545
10/12/2020,31.6,1649.053
10/13/2020,30.16,1636.848
10/14/2020,32.1,1621.651
10/15/2020,32.22,1638.883
10/16/2020,32.68,1633.808
10/19/2020,34.77,1613.628
10/20/2020,34.93,1617.706
10/21/2020,34.26,1603.776
10/22/2020,33.15,1630.254
10/23/2020,32.95,1640.502
10/26/2020,37.8,1605.209
10/27/2020,39.07,1590.482
10/28/2020,44.99,1543.275
10/29/2020,41.38,1561.577
10/30/2020,41.36,1538.479
11/2/2020,41.37,1568.592
11/3/2020,38.93,1614.295
11/4/2020,33.52,1615.083
11/5/2020,31.14,1660.046
11/6/2020,29.37,1644.159
11/9/2020,30.48,1705.037
11/10/2020,30.98,1737.009
11/11/2020,29.09,1736.935
11/12/2020,31.62,1708.47
11/13/2020,30,1744.042
11/16/2020,30.09,1785.336
11/17/2020,29.54,1791.914
11/18/2020,30.68,1769.316
11/19/2020,30.17,1784.134
11/20/2020,29.5,1785.341
11/23/2020,28.76,1818.297
11/24/2020,29.36,1853.532
11/25/2020,28.76,1845.024
11/26/2020,28.76,1845.024
11/27/2020,28.89,1855.27
11/30/2020,29.78,1819.816
12/1/2020,29.72,1836.047
12/2/2020,28.39,1838.028
12/3/2020,28.84,1848.702
12/4/2020,28.74,1892.449
12/7/2020,29.66,1891.252
12/8/2020,28.81,1917.782
12/9/2020,29.51,1902.147
12/10/2020,28.61,1922.703
12/11/2020,30.04,1911.697
12/14/2020,30.5,1913.856
12/15/2020,29.03,1959.763
12/16/2020,29.4,1952.722
12/17/2020,29.25,1978.045
12/18/2020,28.01,1969.986
12/21/2020,30.97,1970.329
12/22/2020,30.59,1989.88
12/23/2020,30.62,2007.104
12/24/2020,30.06,2003.95
12/25/2020,30.06,2003.95
12/28/2020,29.07,1996.25
12/29/2020,30.76,1959.363
12/30/2020,30.52,1979.992
12/31/2020,30.54,1974.855
1/1/2021,30.54,1974.855
1/4/2021,34.43,1945.914
1/5/2021,31.98,1979.108
1/6/2021,32,2057.92
1/7/2021,29.53,2096.885
1/8/2021,31.11,2091.659
1/11/2021,32.3,2091.008
1/12/2021,31.27,2127.959
1/13/2021,29.58,2111.966
1/14/2021,30.61,2155.349
1/15/2021,30.72,2123.201
1/18/2021,30.72,2123.201
1/19/2021,30.7,2151.137
1/20/2021,30.02,2160.617
1/21/2021,30.67,2141.421
1/22/2021,31.64,2168.758
1/25/2021,33.68,2163.272
1/26/2021,33.71,2149.856
1/27/2021,40.4,2108.696
1/28/2021,37.33,2106.609
1/29/2021,38.89,2073.641
2/1/2021,35.33,2126.163
2/2/2021,31.71,2151.44
2/3/2021,29.69,2159.703
2/4/2021,28.71,2202.418
2/5/2021,28.83,2233.327
2/8/2021,30.37,2289.756
2/9/2021,30.44,2298.998
2/10/2021,32.15,2282.441
2/11/2021,32.38,2285.317
2/12/2021,31.38,2289.357
2/15/2021,31.38,2289.357
2/16/2021,33.54,2272.891
2/17/2021,32.21,2256.106
2/18/2021,32.65,2218.385
2/19/2021,32.21,2266.689
2/22/2021,32.81,2251.072
2/23/2021,33.3,2231.314
2/24/2021,32.12,2284.381
2/25/2021,37.95,2200.172
2/26/2021,36.6,2201.051
3/1/2021,33.19,2275.321
3/2/2021,34.48,2231.509
3/3/2021,35.95,2207.793
3/4/2021,37.33,2146.924
3/5/2021,34.65,2192.212
3/8/2021,35.35,2202.985
3/9/2021,33.46,2245.059
3/10/2021,31.8,2285.683
3/11/2021,31.66,2338.542
3/12/2021,31.24,2352.789
3/15/2021,30.24,2360.168
3/16/2021,29.99,2319.518
3/17/2021,29.42,2336.392
3/18/2021,31.53,2267.586
3/19/2021,29.91,2287.545
3/22/2021,28.18,2266.843
3/23/2021,32.21,2185.687
3/24/2021,33.52,2134.266
3/25/2021,32.53,2183.121
3/26/2021,31.37,2221.482
3/29/2021,33.65,2158.682
3/30/2021,31.98,2195.796
3/31/2021,30.6,2220.519
4/1/2021,27.36,2253.903
4/2/2021,27.36,2253.903
4/5/2021,28.19,2264.886
4/6/2021,26.97,2259.153
4/7/2021,27.77,2223.051
4/8/2021,27.55,2242.596
4/9/2021,27.01,2243.474
4/12/2021,27.49,2233.784
4/13/2021,27.08,2228.923
4/14/2021,26.52,2247.717
4/15/2021,25.18,2257.068
4/16/2021,23.04,2262.67
4/19/2021,26.07,2232.001
4/20/2021,28.23,2188.211
4/21/2021,26.19,2239.627
4/22/2021,26.94,2232.614
4/23/2021,25.17,2271.856
4/26/2021,25.07,2298.007
4/27/2021,25.49,2301.267
4/28/2021,24.92,2304.158
4/29/2021,25.13,2295.456
4/30/2021,25.93,2266.449
5/3/2021,25.58,2277.451
5/4/2021,27.16,2248.286
5/5/2021,26.86,2241.366
5/6/2021,26.72,2241.421
5/7/2021,24.56,2271.629
5/10/2021,28.04,2212.696
5/11/2021,30.05,2206.987
5/12/2021,34.94,2135.139
5/13/2021,31.48,2170.95
5/14/2021,27.18,2224.63
5/17/2021,27.98,2227.119
5/18/2021,28.93,2210.877
5/19/2021,29.88,2193.642
5/20/2021,28.11,2207.76
5/21/2021,26.46,2215.268
5/24/2021,24.93,2227.338
5/25/2021,25.41,2205.75
5/26/2021,24.2,2249.274
5/27/2021,23.46,2273.073
5/28/2021,23.26,2268.972
5/31/2021,23.26,2268.972
6/1/2021,23.98,2294.742
6/2/2021,24.54,2297.834
6/3/2021,25.45,2279.248
6/4/2021,22.82,2286.412
6/7/2021,22.59,2319.177
6/8/2021,22.62,2343.758
6/9/2021,23.98,2327.128
6/10/2021,23.15,2311.409
6/11/2021,22.26,2335.808
6/14/2021,22.44,2326.145
6/15/2021,23.33,2320.072
6/16/2021,23.52,2314.691
6/17/2021,23.59,2287.46
6/18/2021,26.51,2237.745
6/21/2021,24.09,2286.093
6/22/2021,22.76,2295.948
6/23/2021,22.4,2303.469
6/24/2021,21.7,2333.622
6/25/2021,21.17,2334.396
6/28/2021,21.89,2322.336
6/29/2021,22.45,2308.837
6/30/2021,22.29,2310.549
7/1/2021,21.88,2329.359
7/2/2021,21.57,2305.762
7/5/2021,21.57,2305.762
7/6/2021,24.28,2274.502
7/7/2021,24.84,2252.847
7/8/2021,26.9,2231.677
7/9/2021,23.67,2280.005
7/12/2021,23.45,2281.825
7/13/2021,24.88,2238.864
7/14/2021,25.54,2202.358
7/15/2021,25.37,2190.293
7/16/2021,26.44,2163.238
7/19/2021,30.3,2130.68
7/20/2021,26.96,2194.298
7/21/2021,25.69,2234.042
7/22/2021,26.39,2199.475
7/23/2021,25.12,2209.649
7/26/2021,26.05,2216.921
7/27/2021,27.45,2191.833
7/28/2021,25.96,2224.957
7/29/2021,25,2240.029
7/30/2021,25.79,2226.246
8/2/2021,27.54,2215.495
8/3/2021,26.24,2223.581
8/4/2021,26.65,2196.322
8/5/2021,25.67,2236.007
8/6/2021,24.6,2247.761
8/9/2021,25.55,2234.808
8/10/2021,25.59,2239.363
8/11/2021,25,2250.343
8/12/2021,24.18,2244.073
8/13/2021,23.82,2223.108
8/16/2021,24.38,2203.415
8/17/2021,26.75,2177.173
8/18/2021,28.22,2158.78
8/19/2021,29.37,2132.42
8/20/2021,26.5,2167.6
8/23/2021,24.54,2208.295
8/24/2021,24.72,2230.906
8/25/2021,24.27,2239.269
8/26/2021,25.72,2213.979
8/27/2021,23.65,2277.151
8/30/2021,24.06,2265.99
8/31/2021,23.92,2273.774
9/1/2021,23.81,2287.059
9/2/2021,23.68,2304.017
9/3/2021,23.61,2292.048
9/6/2021,23.61,2292.048
9/7/2021,25.26,2275.611
9/8/2021,25.83,2249.726
9/9/2021,26.31,2249.129
9/10/2021,28.29,2227.546
9/13/2021,27.38,2240.784
9/14/2021,28.03,2209.985
9/15/2021,25.99,2234.448
9/16/2021,25.28,2232.911
9/17/2021,26.43,2236.871
9/20/2021,30.88,2182.202
9/21/2021,29.99,2186.183
9/22/2021,27.27,2218.561
9/23/2021,25.18,2259.041
9/24/2021,24.61,2248.07
9/27/2021,24.73,2281.003
9/28/2021,28.2,2229.778
9/29/2021,27.75,2225.308
9/30/2021,28.89,2204.372
10/1/2021,26.83,2241.632
10/4/2021,28.53,2217.47
10/5/2021,26.65,2228.358
10/6/2021,26.39,2214.958
10/7/2021,24.34,2250.094
10/8/2021,24.01,2233.089
10/11/2021,23.85,2220.641
10/12/2021,23.41,2234.271
10/13/2021,22.6,2241.968
10/14/2021,20.68,2274.177
10/15/2021,21.48,2265.654
10/18/2021,21.27,2267.843
10/19/2021,20.87,2275.914
10/20/2021,20.5,2289.765
10/21/2021,20.34,2296.185
10/22/2021,20.48,2291.266
10/25/2021,20.84,2312.64
10/26/2021,21.15,2296.075
10/27/2021,22.71,2252.491
10/28/2021,21.92,2297.979
10/29/2021,22.08,2297.191
11/1/2021,23.47,2358.121
11/2/2021,23.3,2361.855
11/3/2021,23.16,2404.284
11/4/2021,22.88,2402.432
11/5/2021,23.46,2437.083
11/8/2021,24.15,2442.742
11/9/2021,24.63,2427.292
11/10/2021,25.33,2389.582
11/11/2021,24.34,2409.144
11/12/2021,23.41,2411.776
11/15/2021,23.58,2400.934
11/16/2021,23.09,2405.024
11/17/2021,24.14,2377.008
11/18/2021,24.35,2363.589
11/19/2021,24.84,2343.161
11/22/2021,25.77,2331.348
11/23/2021,26.31,2327.855
11/24/2021,25.83,2331.459
11/25/2021,25.83,2331.459
11/26/2021,39,2245.935
11/29/2021,32.98,2241.976
11/30/2021,36.54,2198.908
12/1/2021,41.92,2147.42
12/2/2021,38.98,2206.333
12/3/2021,40.95,2159.31
12/6/2021,36.18,2203.479
12/7/2021,30.54,2253.788
12/8/2021,28.89,2271.706
12/9/2021,31.21,2220.205
12/10/2021,28.8,2211.806
12/13/2021,30.53,2180.495
12/14/2021,32.51,2159.65
12/15/2021,29.37,2195.209
12/16/2021,31.63,2152.455
12/17/2021,31.99,2173.931
12/20/2021,33.35,2139.875
12/21/2021,31.33,2202.947
12/22/2021,28.31,2221.903
12/23/2021,26.47,2241.576
12/24/2021,26.47,2241.576
12/27/2021,25.33,2261.459
12/28/2021,24.6,2246.505
12/29/2021,23.59,2249.244
12/30/2021,23.93,2248.793
12/31/2021,23.59,2245.313
1/3/2022,23.41,2272.557
