Dates,VIX Index,SPX Index
1/1/2014,13.72,1848.36
1/2/2014,14.23,1831.98
1/3/2014,13.76,1831.37
1/6/2014,13.55,1826.77
1/7/2014,12.92,1837.88
1/8/2014,12.87,1837.49
1/9/2014,12.89,1838.13
1/10/2014,12.14,1842.37
1/13/2014,13.28,1819.2
1/14/2014,12.28,1838.88
1/15/2014,12.28,1848.38
1/16/2014,12.53,1845.89
1/17/2014,12.44,1838.7
1/20/2014,12.44,1838.7
1/21/2014,12.87,1843.8
1/22/2014,12.84,1844.86
1/23/2014,13.77,1828.46
1/24/2014,18.14,1790.29
1/27/2014,17.42,1781.56
1/28/2014,15.8,1792.5
1/29/2014,17.35,1774.2
1/30/2014,17.29,1794.19
1/31/2014,18.41,1782.59
2/3/2014,21.44,1741.89
2/4/2014,19.11,1755.2
2/5/2014,19.95,1751.64
2/6/2014,17.23,1773.43
2/7/2014,15.29,1797.02
2/10/2014,15.26,1799.84
2/11/2014,14.51,1819.75
2/12/2014,14.3,1819.26
2/13/2014,14.14,1829.83
2/14/2014,13.57,1838.63
2/17/2014,13.57,1838.63
2/18/2014,13.87,1840.76
2/19/2014,15.5,1828.75
2/20/2014,14.79,1839.78
2/21/2014,14.68,1836.25
2/24/2014,14.23,1847.61
2/25/2014,13.67,1845.12
2/26/2014,14.35,1845.16
2/27/2014,14.04,1854.29
2/28/2014,14,1859.45
3/3/2014,16,1845.73
3/4/2014,14.1,1873.91
3/5/2014,13.89,1873.81
3/6/2014,14.21,1877.03
3/7/2014,14.11,1878.04
3/10/2014,14.2,1877.17
3/11/2014,14.8,1867.63
3/12/2014,14.47,1868.2
3/13/2014,16.22,1846.34
3/14/2014,17.82,1841.13
3/17/2014,15.64,1858.83
3/18/2014,14.52,1872.25
3/19/2014,15.12,1860.77
3/20/2014,14.52,1872.01
3/21/2014,15,1866.52
3/24/2014,15.09,1857.44
3/25/2014,14.02,1865.62
3/26/2014,14.93,1852.56
3/27/2014,14.62,1849.04
3/28/2014,14.41,1857.62
3/31/2014,13.88,1872.34
4/1/2014,13.1,1885.52
4/2/2014,13.09,1890.9
4/3/2014,13.37,1888.77
4/4/2014,13.96,1865.09
4/7/2014,15.57,1845.04
4/8/2014,14.89,1851.96
4/9/2014,13.82,1872.18
4/10/2014,15.89,1833.08
4/11/2014,17.03,1815.69
4/14/2014,16.11,1830.61
4/15/2014,15.61,1842.98
4/16/2014,14.18,1862.31
4/17/2014,13.36,1864.85
4/18/2014,13.36,1864.85
4/21/2014,13.25,1871.89
4/22/2014,13.19,1879.55
4/23/2014,13.27,1875.39
4/24/2014,13.32,1878.61
4/25/2014,14.06,1863.4
4/28/2014,13.97,1869.43
4/29/2014,13.71,1878.33
4/30/2014,13.41,1883.95
5/1/2014,13.25,1883.68
5/2/2014,12.91,1881.14
5/5/2014,13.29,1884.66
5/6/2014,13.8,1867.72
5/7/2014,13.4,1878.21
5/8/2014,13.43,1875.63
5/9/2014,12.92,1878.48
5/12/2014,12.23,1896.65
5/13/2014,12.13,1897.45
5/14/2014,12.17,1888.53
5/15/2014,13.17,1870.85
5/16/2014,12.44,1877.86
5/19/2014,12.42,1885.08
5/20/2014,12.96,1872.83
5/21/2014,11.91,1888.03
5/22/2014,12.03,1892.49
5/23/2014,11.36,1900.53
5/26/2014,11.36,1900.53
5/27/2014,11.51,1911.91
5/28/2014,11.68,1909.78
5/29/2014,11.57,1920.03
5/30/2014,11.4,1923.57
6/2/2014,11.58,1924.97
6/3/2014,11.87,1924.24
6/4/2014,12.08,1927.88
6/5/2014,11.68,1940.46
6/6/2014,10.73,1949.44
6/9/2014,11.15,1951.27
6/10/2014,10.99,1950.79
6/11/2014,11.6,1943.89
6/12/2014,12.56,1930.11
6/13/2014,12.18,1936.16
6/16/2014,12.65,1937.78
6/17/2014,12.06,1941.99
6/18/2014,10.61,1956.98
6/19/2014,10.62,1959.48
6/20/2014,10.85,1962.87
6/23/2014,10.98,1962.61
6/24/2014,12.13,1949.98
6/25/2014,11.59,1959.53
6/26/2014,11.63,1957.22
6/27/2014,11.26,1960.96
6/30/2014,11.57,1960.23
7/1/2014,11.15,1973.32
7/2/2014,10.82,1974.62
7/3/2014,10.32,1985.44
7/4/2014,10.32,1985.44
7/7/2014,11.33,1977.65
7/8/2014,11.98,1963.71
7/9/2014,11.65,1972.83
7/10/2014,12.59,1964.68
7/11/2014,12.08,1967.57
7/14/2014,11.82,1977.1
7/15/2014,11.96,1973.28
7/16/2014,11,1981.57
7/17/2014,14.54,1958.12
7/18/2014,12.06,1978.22
7/21/2014,12.81,1973.63
7/22/2014,12.24,1983.53
7/23/2014,11.52,1987.01
7/24/2014,11.84,1987.98
7/25/2014,12.69,1978.34
7/28/2014,12.56,1978.91
7/29/2014,13.28,1969.95
7/30/2014,13.33,1970.07
7/31/2014,16.95,1930.67
8/1/2014,17.03,1925.15
8/4/2014,15.12,1938.99
8/5/2014,16.87,1920.21
8/6/2014,16.37,1920.24
8/7/2014,16.66,1909.57
8/8/2014,15.77,1931.59
8/11/2014,14.23,1936.92
8/12/2014,14.13,1933.75
8/13/2014,12.9,1946.72
8/14/2014,12.42,1955.18
8/15/2014,13.15,1955.06
8/18/2014,12.32,1971.74
8/19/2014,12.21,1981.6
8/20/2014,11.78,1986.51
8/21/2014,11.76,1992.37
8/22/2014,11.47,1988.4
8/25/2014,11.7,1997.92
8/26/2014,11.63,2000.02
8/27/2014,11.78,2000.12
8/28/2014,12.05,1996.74
8/29/2014,11.98,2003.37
9/1/2014,11.98,2003.37
9/2/2014,12.25,2002.28
9/3/2014,12.36,2000.72
9/4/2014,12.64,1997.65
9/5/2014,12.09,2007.71
9/8/2014,12.66,2001.54
9/9/2014,13.5,1988.44
9/10/2014,12.88,1995.69
9/11/2014,12.8,1997.45
9/12/2014,13.31,1985.54
9/15/2014,14.12,1984.13
9/16/2014,12.73,1998.98
9/17/2014,12.65,2001.57
9/18/2014,12.03,2011.36
9/19/2014,12.11,2010.4
9/22/2014,13.69,1994.29
9/23/2014,14.93,1982.77
9/24/2014,13.27,1998.3
9/25/2014,15.64,1965.99
9/26/2014,14.85,1982.85
9/29/2014,15.98,1977.8
9/30/2014,16.31,1972.29
10/1/2014,16.71,1946.16
10/2/2014,16.16,1946.17
10/3/2014,14.55,1967.9
10/6/2014,15.46,1964.82
10/7/2014,17.2,1935.1
10/8/2014,15.11,1968.89
10/9/2014,18.76,1928.21
10/10/2014,21.24,1906.13
10/13/2014,24.64,1874.74
10/14/2014,22.79,1877.7
10/15/2014,26.25,1862.49
10/16/2014,25.2,1862.76
10/17/2014,21.99,1886.76
10/20/2014,18.57,1904.01
10/21/2014,16.08,1941.28
10/22/2014,17.87,1927.11
10/23/2014,16.53,1950.82
10/24/2014,16.11,1964.58
10/27/2014,16.04,1961.63
10/28/2014,14.39,1985.05
10/29/2014,15.15,1982.3
10/30/2014,14.52,1994.65
10/31/2014,14.03,2018.05
11/3/2014,14.73,2017.81
11/4/2014,14.89,2012.1
11/5/2014,14.17,2023.57
11/6/2014,13.67,2031.21
11/7/2014,13.12,2031.92
11/10/2014,12.67,2038.26
11/11/2014,12.92,2039.68
11/12/2014,13.02,2038.25
11/13/2014,13.79,2039.33
11/14/2014,13.31,2039.82
11/17/2014,13.99,2041.32
11/18/2014,13.86,2051.8
11/19/2014,13.96,2048.72
11/20/2014,13.58,2052.75
11/21/2014,12.9,2063.5
11/24/2014,12.62,2069.41
11/25/2014,12.25,2067.03
11/26/2014,12.07,2072.83
11/27/2014,12.07,2072.83
11/28/2014,13.33,2067.56
12/1/2014,14.29,2053.44
12/2/2014,12.85,2066.55
12/3/2014,12.47,2074.33
12/4/2014,12.38,2071.92
12/5/2014,11.82,2075.37
12/8/2014,14.21,2060.31
12/9/2014,14.89,2059.82
12/10/2014,18.53,2026.14
12/11/2014,20.08,2035.33
12/12/2014,21.08,2002.33
12/15/2014,20.42,1989.63
12/16/2014,23.57,1972.74
12/17/2014,19.44,2012.89
12/18/2014,16.81,2061.23
12/19/2014,16.49,2070.65
12/22/2014,15.25,2078.54
12/23/2014,14.8,2082.17
12/24/2014,14.37,2081.88
12/25/2014,14.37,2081.88
12/26/2014,14.5,2088.77
12/29/2014,15.06,2090.57
12/30/2014,15.92,2080.35
12/31/2014,19.2,2058.9
1/1/2015,19.2,2058.9
1/2/2015,17.79,2058.2
1/5/2015,19.92,2020.58
1/6/2015,21.12,2002.61
1/7/2015,19.31,2025.9
1/8/2015,17.01,2062.14
1/9/2015,17.55,2044.81
1/12/2015,19.6,2028.26
1/13/2015,20.56,2023.03
1/14/2015,21.48,2011.27
1/15/2015,22.39,1992.67
1/16/2015,20.95,2019.42
1/19/2015,20.95,2019.42
1/20/2015,19.89,2022.55
1/21/2015,18.85,2032.12
1/22/2015,16.4,2063.15
1/23/2015,16.66,2051.82
1/26/2015,15.52,2057.09
1/27/2015,17.22,2029.55
1/28/2015,20.44,2002.16
1/29/2015,18.76,2021.25
1/30/2015,20.97,1994.99
2/2/2015,19.43,2020.85
2/3/2015,17.33,2050.03
2/4/2015,18.33,2041.51
2/5/2015,16.85,2062.52
2/6/2015,17.29,2055.47
2/9/2015,18.55,2046.74
2/10/2015,17.23,2068.59
2/11/2015,16.96,2068.53
2/12/2015,15.34,2088.48
2/13/2015,14.69,2096.99
2/16/2015,14.69,2096.99
2/17/2015,15.8,2100.34
2/18/2015,15.45,2099.68
2/19/2015,15.29,2097.45
2/20/2015,14.3,2110.3
2/23/2015,14.56,2109.66
2/24/2015,13.69,2115.48
2/25/2015,13.84,2113.86
2/26/2015,13.91,2110.74
2/27/2015,13.34,2104.5
3/2/2015,13.04,2117.39
3/3/2015,13.86,2107.78
3/4/2015,14.23,2098.53
3/5/2015,14.04,2101.04
3/6/2015,15.2,2071.26
3/9/2015,15.06,2079.43
3/10/2015,16.69,2044.16
3/11/2015,16.87,2040.24
3/12/2015,15.42,2065.95
3/13/2015,16,2053.4
3/16/2015,15.61,2081.19
3/17/2015,15.66,2074.28
3/18/2015,13.97,2099.5
3/19/2015,14.07,2089.27
3/20/2015,13.02,2108.1
3/23/2015,13.41,2104.42
3/24/2015,13.62,2091.5
3/25/2015,15.44,2061.05
3/26/2015,15.8,2056.15
3/27/2015,15.07,2061.02
3/30/2015,14.51,2086.24
3/31/2015,15.29,2067.89
4/1/2015,15.11,2059.69
4/2/2015,14.67,2066.96
4/3/2015,14.67,2066.96
4/6/2015,14.74,2080.62
4/7/2015,14.78,2076.33
4/8/2015,13.98,2081.9
4/9/2015,13.09,2091.18
4/10/2015,12.58,2102.06
4/13/2015,13.94,2092.43
4/14/2015,13.67,2095.84
4/15/2015,12.84,2106.63
4/16/2015,12.6,2104.99
4/17/2015,13.89,2081.18
4/20/2015,13.3,2100.4
4/21/2015,13.25,2097.29
4/22/2015,12.71,2107.96
4/23/2015,12.48,2112.93
4/24/2015,12.29,2117.69
4/27/2015,13.12,2108.92
4/28/2015,12.41,2114.76
4/29/2015,13.39,2106.85
4/30/2015,14.55,2085.51
5/1/2015,12.7,2108.29
5/4/2015,12.85,2114.49
5/5/2015,14.31,2089.46
5/6/2015,15.15,2080.15
5/7/2015,15.13,2088
5/8/2015,12.86,2116.1
5/11/2015,13.85,2105.33
5/12/2015,13.86,2099.12
5/13/2015,13.76,2098.48
5/14/2015,12.74,2121.1
5/15/2015,12.38,2122.73
5/18/2015,12.73,2129.2
5/19/2015,12.85,2127.83
5/20/2015,12.88,2125.85
5/21/2015,12.11,2130.82
5/22/2015,12.13,2126.06
5/25/2015,12.13,2126.06
5/26/2015,14.06,2104.2
5/27/2015,13.27,2123.48
5/28/2015,13.31,2120.79
5/29/2015,13.84,2107.39
6/1/2015,13.97,2111.73
6/2/2015,14.24,2109.6
6/3/2015,13.66,2114.07
6/4/2015,14.71,2095.84
6/5/2015,14.21,2092.83
6/8/2015,15.29,2079.28
6/9/2015,14.47,2080.15
6/10/2015,13.22,2105.2
6/11/2015,12.85,2108.86
6/12/2015,13.78,2094.11
6/15/2015,15.39,2084.43
6/16/2015,14.81,2096.29
6/17/2015,14.5,2100.44
6/18/2015,13.19,2121.24
6/19/2015,13.96,2109.99
6/22/2015,12.74,2122.85
6/23/2015,12.11,2124.2
6/24/2015,13.26,2108.58
6/25/2015,14.01,2102.31
6/26/2015,14.02,2101.49
6/29/2015,18.85,2057.64
6/30/2015,18.23,2063.11
7/1/2015,16.09,2077.42
7/2/2015,16.79,2076.78
7/3/2015,16.79,2076.78
7/6/2015,17.01,2068.76
7/7/2015,16.09,2081.34
7/8/2015,19.66,2046.68
7/9/2015,19.97,2051.31
7/10/2015,16.83,2076.62
7/13/2015,13.9,2099.6
7/14/2015,13.37,2108.95
7/15/2015,13.23,2107.4
7/16/2015,12.11,2124.29
7/17/2015,11.95,2126.64
7/20/2015,12.25,2128.28
7/21/2015,12.22,2119.21
7/22/2015,12.12,2114.15
7/23/2015,12.64,2102.15
7/24/2015,13.74,2079.65
7/27/2015,15.6,2067.64
7/28/2015,13.44,2093.25
7/29/2015,12.5,2108.57
7/30/2015,12.13,2108.63
7/31/2015,12.12,2103.84
8/3/2015,12.56,2098.04
8/4/2015,13,2093.32
8/5/2015,12.51,2099.84
8/6/2015,13.77,2083.56
8/7/2015,13.39,2077.57
8/10/2015,12.23,2104.18
8/11/2015,13.71,2084.07
8/12/2015,13.61,2086.05
8/13/2015,13.49,2083.39
8/14/2015,12.83,2091.54
8/17/2015,13.02,2102.44
8/18/2015,13.79,2096.92
8/19/2015,15.25,2079.61
8/20/2015,19.14,2035.73
8/21/2015,28.03,1970.89
8/24/2015,40.74,1893.21
8/25/2015,36.02,1867.61
8/26/2015,30.32,1940.51
8/27/2015,26.1,1987.66
8/28/2015,26.05,1988.87
8/31/2015,28.43,1972.18
9/1/2015,31.4,1913.85
9/2/2015,26.09,1948.86
9/3/2015,25.61,1951.13
9/4/2015,27.8,1921.22
9/7/2015,27.8,1921.22
9/8/2015,24.9,1969.41
9/9/2015,26.23,1942.04
9/10/2015,24.37,1952.29
9/11/2015,23.2,1961.05
9/14/2015,24.25,1953.03
9/15/2015,22.54,1978.09
9/16/2015,21.35,1995.31
9/17/2015,21.14,1990.2
9/18/2015,22.28,1958.03
9/21/2015,20.14,1966.97
9/22/2015,22.44,1942.74
9/23/2015,22.13,1938.76
9/24/2015,23.47,1932.24
9/25/2015,23.62,1931.34
9/28/2015,27.63,1881.77
9/29/2015,26.83,1884.09
9/30/2015,24.5,1920.03
10/1/2015,22.55,1923.82
10/2/2015,20.94,1951.36
10/5/2015,19.54,1987.05
10/6/2015,19.4,1979.92
10/7/2015,18.4,1995.83
10/8/2015,17.42,2013.43
10/9/2015,17.08,2014.89
10/12/2015,16.17,2017.46
10/13/2015,17.67,2003.69
10/14/2015,18.03,1994.24
10/15/2015,16.05,2023.86
10/16/2015,15.05,2033.11
10/19/2015,14.98,2033.66
10/20/2015,15.75,2030.77
10/21/2015,16.7,2018.94
10/22/2015,14.45,2052.51
10/23/2015,14.46,2075.15
10/26/2015,15.29,2071.18
10/27/2015,15.43,2065.89
10/28/2015,14.33,2090.35
10/29/2015,14.61,2089.41
10/30/2015,15.07,2079.36
11/2/2015,14.15,2104.05
11/3/2015,14.54,2109.79
11/4/2015,15.51,2102.31
11/5/2015,15.05,2099.93
11/6/2015,14.33,2099.2
11/9/2015,16.52,2078.58
11/10/2015,15.29,2081.72
11/11/2015,16.06,2075
11/12/2015,18.37,2045.97
11/13/2015,20.08,2023.04
11/16/2015,18.16,2053.19
11/17/2015,18.84,2050.44
11/18/2015,16.85,2083.58
11/19/2015,16.99,2081.24
11/20/2015,15.47,2089.17
11/23/2015,15.62,2086.59
11/24/2015,15.93,2089.14
11/25/2015,15.19,2088.87
11/26/2015,15.19,2088.87
11/27/2015,15.12,2090.11
11/30/2015,16.13,2080.41
12/1/2015,14.67,2102.63
12/2/2015,15.91,2079.51
12/3/2015,18.11,2049.62
12/4/2015,14.81,2091.69
12/7/2015,15.84,2077.07
12/8/2015,17.6,2063.59
12/9/2015,19.61,2047.62
12/10/2015,19.34,2052.23
12/11/2015,24.39,2012.37
12/14/2015,22.73,2021.94
12/15/2015,20.95,2043.41
12/16/2015,17.86,2073.07
12/17/2015,18.94,2041.89
12/18/2015,20.7,2005.55
12/21/2015,18.7,2021.15
12/22/2015,16.6,2038.97
12/23/2015,15.57,2064.29
12/24/2015,15.74,2060.99
12/25/2015,15.74,2060.99
12/28/2015,16.91,2056.5
12/29/2015,16.08,2078.36
12/30/2015,17.29,2063.36
12/31/2015,18.21,2043.94
1/1/2016,18.21,2043.94
1/4/2016,20.7,2012.66
1/5/2016,19.34,2016.71
1/6/2016,20.59,1990.26
1/7/2016,24.99,1943.09
1/8/2016,27.01,1922.03
1/11/2016,24.3,1923.67
1/12/2016,22.47,1938.68
1/13/2016,25.22,1890.28
1/14/2016,23.95,1921.84
1/15/2016,27.02,1880.33
1/18/2016,27.02,1880.33
1/19/2016,26.05,1881.33
1/20/2016,27.59,1859.33
1/21/2016,26.69,1868.99
1/22/2016,22.34,1906.9
1/25/2016,24.15,1877.08
1/26/2016,22.5,1903.63
1/27/2016,23.11,1882.95
1/28/2016,22.42,1893.36
1/29/2016,20.2,1940.24
2/1/2016,19.98,1939.38
2/2/2016,21.98,1903.03
2/3/2016,21.65,1912.53
2/4/2016,21.84,1915.45
2/5/2016,23.38,1880.05
2/8/2016,26,1853.44
2/9/2016,26.54,1852.21
2/10/2016,26.29,1851.86
2/11/2016,28.14,1829.08
2/12/2016,25.4,1864.78
2/15/2016,25.4,1864.78
2/16/2016,24.11,1895.58
2/17/2016,22.31,1926.82
2/18/2016,21.64,1917.83
2/19/2016,20.53,1917.78
2/22/2016,19.38,1945.5
2/23/2016,20.98,1921.27
2/24/2016,20.72,1929.8
2/25/2016,19.11,1951.7
2/26/2016,19.81,1948.05
2/29/2016,20.55,1932.23
3/1/2016,17.7,1978.35
3/2/2016,17.09,1986.45
3/3/2016,16.7,1993.4
3/4/2016,16.86,1999.99
3/7/2016,17.35,2001.76
3/8/2016,18.67,1979.26
3/9/2016,18.34,1989.26
3/10/2016,18.05,1989.57
3/11/2016,16.5,2022.19
3/14/2016,16.92,2019.64
3/15/2016,16.84,2015.93
3/16/2016,14.99,2027.22
3/17/2016,14.44,2040.59
3/18/2016,14.02,2049.58
3/21/2016,13.79,2051.6
3/22/2016,14.17,2049.8
3/23/2016,14.94,2036.71
3/24/2016,14.74,2035.94
3/25/2016,14.74,2035.94
3/28/2016,15.24,2037.05
3/29/2016,13.82,2055.01
3/30/2016,13.56,2063.95
3/31/2016,13.95,2059.74
4/1/2016,13.1,2072.78
4/4/2016,14.12,2066.13
4/5/2016,15.42,2045.17
4/6/2016,14.09,2066.66
4/7/2016,16.16,2041.91
4/8/2016,15.36,2047.6
4/11/2016,16.26,2041.99
4/12/2016,14.85,2061.72
4/13/2016,13.84,2082.42
4/14/2016,13.72,2082.78
4/15/2016,13.62,2080.73
4/18/2016,13.35,2094.34
4/19/2016,13.24,2100.8
4/20/2016,13.28,2102.4
4/21/2016,13.95,2091.48
4/22/2016,13.22,2091.58
4/25/2016,14.08,2087.79
4/26/2016,13.96,2091.7
4/27/2016,13.77,2095.15
4/28/2016,15.22,2075.81
4/29/2016,15.7,2065.3
5/2/2016,14.68,2081.43
5/3/2016,15.6,2063.37
5/4/2016,16.05,2051.12
5/5/2016,15.91,2050.63
5/6/2016,14.72,2057.14
5/9/2016,14.57,2058.69
5/10/2016,13.63,2084.39
5/11/2016,14.69,2064.46
5/12/2016,14.41,2064.11
5/13/2016,15.04,2046.61
5/16/2016,14.68,2066.66
5/17/2016,15.57,2047.21
5/18/2016,15.95,2047.63
5/19/2016,16.33,2040.04
5/20/2016,15.2,2052.32
5/23/2016,15.82,2048.04
5/24/2016,14.42,2076.06
5/25/2016,13.9,2090.54
5/26/2016,13.43,2090.1
5/27/2016,13.12,2099.06
5/30/2016,13.12,2099.06
5/31/2016,14.19,2096.96
6/1/2016,14.2,2099.33
6/2/2016,13.63,2105.26
6/3/2016,13.47,2099.13
6/6/2016,13.65,2109.41
6/7/2016,14.05,2112.13
6/8/2016,14.08,2119.12
6/9/2016,14.64,2115.48
6/10/2016,17.03,2096.07
6/13/2016,20.97,2079.06
6/14/2016,20.5,2075.32
6/15/2016,20.14,2071.5
6/16/2016,19.37,2077.99
6/17/2016,19.41,2071.22
6/20/2016,18.37,2083.25
6/21/2016,18.48,2088.9
6/22/2016,21.17,2085.45
6/23/2016,17.25,2113.32
6/24/2016,25.76,2037.41
6/27/2016,23.85,2000.54
6/28/2016,18.75,2036.09
6/29/2016,16.64,2070.77
6/30/2016,15.63,2098.86
7/1/2016,14.77,2102.95
7/4/2016,14.77,2102.95
7/5/2016,15.58,2088.55
7/6/2016,14.96,2099.73
7/7/2016,14.76,2097.9
7/8/2016,13.2,2129.9
7/11/2016,13.54,2137.16
7/12/2016,13.55,2152.14
7/13/2016,13.04,2152.43
7/14/2016,12.82,2163.75
7/15/2016,12.67,2161.74
7/18/2016,12.44,2166.89
7/19/2016,11.97,2163.78
7/20/2016,11.77,2173.02
7/21/2016,12.74,2165.17
7/22/2016,12.02,2175.03
7/25/2016,12.87,2168.48
7/26/2016,13.05,2169.18
7/27/2016,12.83,2166.58
7/28/2016,12.72,2170.06
7/29/2016,11.87,2173.6
8/1/2016,12.44,2170.84
8/2/2016,13.37,2157.03
8/3/2016,12.86,2163.79
8/4/2016,12.42,2164.25
8/5/2016,11.39,2182.87
8/8/2016,11.5,2180.89
8/9/2016,11.66,2181.74
8/10/2016,12.05,2175.49
8/11/2016,11.68,2185.79
8/12/2016,11.55,2184.05
8/15/2016,11.81,2190.15
8/16/2016,12.64,2178.15
8/17/2016,12.19,2182.22
8/18/2016,11.43,2187.02
8/19/2016,11.34,2183.87
8/22/2016,12.27,2182.64
8/23/2016,12.38,2186.9
8/24/2016,13.45,2175.44
8/25/2016,13.63,2172.47
8/26/2016,13.65,2169.04
8/29/2016,12.94,2180.38
8/30/2016,13.12,2176.12
8/31/2016,13.42,2170.95
9/1/2016,13.48,2170.86
9/2/2016,11.98,2179.98
9/5/2016,11.98,2179.98
9/6/2016,12.02,2186.48
9/7/2016,11.94,2186.16
9/8/2016,12.51,2181.3
9/9/2016,17.5,2127.81
9/12/2016,15.16,2159.04
9/13/2016,17.85,2127.02
9/14/2016,18.14,2125.77
9/15/2016,16.3,2147.26
9/16/2016,15.37,2139.16
9/19/2016,15.53,2139.12
9/20/2016,15.92,2139.76
9/21/2016,13.3,2163.12
9/22/2016,12.02,2177.18
9/23/2016,12.29,2164.69
9/26/2016,14.5,2146.1
9/27/2016,13.1,2159.93
9/28/2016,12.39,2171.37
9/29/2016,14.02,2151.13
9/30/2016,13.29,2168.27
10/3/2016,13.57,2161.2
10/4/2016,13.63,2150.49
10/5/2016,12.99,2159.73
10/6/2016,12.84,2160.77
10/7/2016,13.48,2153.74
10/10/2016,13.38,2163.66
10/11/2016,15.36,2136.73
10/12/2016,15.91,2139.18
10/13/2016,16.69,2132.55
10/14/2016,16.12,2132.98
10/17/2016,16.21,2126.5
10/18/2016,15.28,2139.6
10/19/2016,14.41,2144.29
10/20/2016,13.75,2141.34
10/21/2016,13.34,2141.16
10/24/2016,13.02,2151.33
10/25/2016,13.46,2143.16
10/26/2016,14.24,2139.43
10/27/2016,15.36,2133.04
10/28/2016,16.19,2126.41
10/31/2016,17.06,2126.15
11/1/2016,18.56,2111.72
11/2/2016,19.32,2097.94
11/3/2016,22.08,2088.66
11/4/2016,22.51,2085.18
11/7/2016,18.71,2131.52
11/8/2016,18.74,2139.56
11/9/2016,14.38,2163.26
11/10/2016,14.74,2167.48
11/11/2016,14.17,2164.45
11/14/2016,14.48,2164.2
11/15/2016,13.37,2180.39
11/16/2016,13.72,2176.94
11/17/2016,13.35,2187.12
11/18/2016,12.85,2181.9
11/21/2016,12.42,2198.18
11/22/2016,12.41,2202.94
11/23/2016,12.43,2204.72
11/24/2016,12.43,2204.72
11/25/2016,12.34,2213.35
11/28/2016,13.15,2201.72
11/29/2016,12.9,2204.66
11/30/2016,13.33,2198.81
12/1/2016,14.07,2191.08
12/2/2016,14.12,2191.95
12/5/2016,12.14,2204.71
12/6/2016,11.79,2212.23
12/7/2016,12.22,2241.35
12/8/2016,12.64,2246.19
12/9/2016,11.75,2259.53
12/12/2016,12.64,2256.96
12/13/2016,12.72,2271.72
12/14/2016,13.19,2253.28
12/15/2016,12.79,2262.03
12/16/2016,12.2,2258.07
12/19/2016,11.71,2262.53
12/20/2016,11.45,2270.76
12/21/2016,11.27,2265.18
12/22/2016,11.43,2260.96
12/23/2016,11.44,2263.79
12/26/2016,11.44,2263.79
12/27/2016,11.99,2268.88
12/28/2016,12.95,2249.92
12/29/2016,13.37,2249.26
12/30/2016,14.04,2238.83
1/2/2017,14.04,2238.83
1/3/2017,12.85,2257.83
1/4/2017,11.85,2270.75
1/5/2017,11.67,2269
1/6/2017,11.32,2276.98
1/9/2017,11.56,2268.9
1/10/2017,11.49,2268.9
1/11/2017,11.26,2275.32
1/12/2017,11.54,2270.44
1/13/2017,11.23,2274.64
1/16/2017,11.23,2274.64
1/17/2017,11.87,2267.89
1/18/2017,12.48,2271.89
1/19/2017,12.78,2263.69
1/20/2017,11.54,2271.31
1/23/2017,11.77,2265.2
1/24/2017,11.07,2280.07
1/25/2017,10.81,2298.37
1/26/2017,10.63,2296.68
1/27/2017,10.58,2294.69
1/30/2017,11.88,2280.9
1/31/2017,11.99,2278.87
2/1/2017,11.81,2279.55
2/2/2017,11.93,2280.85
2/3/2017,10.97,2297.42
2/6/2017,11.37,2292.56
2/7/2017,11.29,2293.08
2/8/2017,11.45,2294.67
2/9/2017,10.88,2307.87
2/10/2017,10.85,2316.1
2/13/2017,11.07,2328.25
2/14/2017,10.74,2337.58
2/15/2017,11.97,2349.25
2/16/2017,11.76,2347.22
2/17/2017,11.49,2351.16
2/20/2017,11.49,2351.16
2/21/2017,11.57,2365.38
2/22/2017,11.74,2362.82
2/23/2017,11.71,2363.81
2/24/2017,11.47,2367.34
2/27/2017,12.09,2369.75
2/28/2017,12.92,2363.64
3/1/2017,12.54,2395.96
3/2/2017,11.81,2381.92
3/3/2017,10.96,2383.12
3/6/2017,11.24,2375.31
3/7/2017,11.45,2368.39
3/8/2017,11.86,2362.98
3/9/2017,12.3,2364.87
3/10/2017,11.66,2372.6
3/13/2017,11.35,2373.47
3/14/2017,12.3,2365.45
3/15/2017,11.63,2385.26
3/16/2017,11.21,2381.38
3/17/2017,11.28,2378.25
3/20/2017,11.34,2373.47
3/21/2017,12.47,2344.02
3/22/2017,12.81,2348.45
3/23/2017,13.12,2345.96
3/24/2017,12.96,2343.98
3/27/2017,12.5,2341.59
3/28/2017,11.53,2358.57
3/29/2017,11.42,2361.13
3/30/2017,11.54,2368.06
3/31/2017,12.37,2362.72
4/3/2017,12.38,2358.84
4/4/2017,11.79,2360.16
4/5/2017,12.89,2352.95
4/6/2017,12.39,2357.49
4/7/2017,12.87,2355.54
4/10/2017,14.05,2357.16
4/11/2017,15.07,2353.78
4/12/2017,15.77,2344.93
4/13/2017,15.96,2328.95
4/14/2017,15.96,2328.95
4/17/2017,14.66,2349.01
4/18/2017,14.42,2342.19
4/19/2017,14.93,2338.17
4/20/2017,14.15,2355.84
4/21/2017,14.63,2348.69
4/24/2017,10.84,2374.15
4/25/2017,10.76,2388.61
4/26/2017,10.85,2387.45
4/27/2017,10.36,2388.77
4/28/2017,10.82,2384.2
5/1/2017,10.11,2388.33
5/2/2017,10.59,2391.17
5/3/2017,10.68,2388.13
5/4/2017,10.46,2389.52
5/5/2017,10.57,2399.29
5/8/2017,9.77,2399.38
5/9/2017,9.96,2396.92
5/10/2017,10.21,2399.63
5/11/2017,10.6,2394.44
5/12/2017,10.4,2390.9
5/15/2017,10.42,2402.32
5/16/2017,10.65,2400.67
5/17/2017,15.59,2357.03
5/18/2017,14.66,2365.72
5/19/2017,12.04,2381.73
5/22/2017,10.93,2394.02
5/23/2017,10.72,2398.42
5/24/2017,10.02,2404.39
5/25/2017,9.99,2415.07
5/26/2017,9.81,2415.82
5/29/2017,9.81,2415.82
5/30/2017,10.38,2412.91
5/31/2017,10.41,2411.8
6/1/2017,9.89,2430.06
6/2/2017,9.75,2439.07
6/5/2017,10.07,2436.1
6/6/2017,10.45,2429.33
6/7/2017,10.39,2433.14
6/8/2017,10.16,2433.79
6/9/2017,10.7,2431.77
6/12/2017,11.46,2429.39
6/13/2017,10.42,2440.35
6/14/2017,10.64,2437.92
6/15/2017,10.9,2432.46
6/16/2017,10.38,2433.15
6/19/2017,10.37,2453.46
6/20/2017,10.86,2437.03
6/21/2017,10.75,2435.61
6/22/2017,10.48,2434.5
6/23/2017,10.02,2438.3
6/26/2017,9.9,2439.07
6/27/2017,11.06,2419.38
6/28/2017,10.03,2440.69
6/29/2017,11.44,2419.7
6/30/2017,11.18,2423.41
7/3/2017,11.22,2429.01
7/4/2017,11.22,2429.01
7/5/2017,11.07,2432.54
7/6/2017,12.54,2409.75
7/7/2017,11.19,2425.18
7/10/2017,11.11,2427.43
7/11/2017,10.89,2425.53
7/12/2017,10.3,2443.25
7/13/2017,9.9,2447.83
7/14/2017,9.51,2459.27
7/17/2017,9.82,2459.14
7/18/2017,9.89,2460.61
7/19/2017,9.79,2473.83
7/20/2017,9.58,2473.45
7/21/2017,9.36,2472.54
7/24/2017,9.43,2469.91
7/25/2017,9.43,2477.13
7/26/2017,9.6,2477.83
7/27/2017,10.11,2475.42
7/28/2017,10.29,2472.1
7/31/2017,10.26,2470.3
8/1/2017,10.09,2476.35
8/2/2017,10.28,2477.57
8/3/2017,10.44,2472.16
8/4/2017,10.03,2476.83
8/7/2017,9.93,2480.91
8/8/2017,10.96,2474.92
8/9/2017,11.11,2474.02
8/10/2017,16.04,2438.21
8/11/2017,15.51,2441.32
8/14/2017,12.33,2465.84
8/15/2017,12.04,2464.61
8/16/2017,11.74,2468.11
8/17/2017,15.55,2430.01
8/18/2017,14.26,2425.55
8/21/2017,13.19,2428.37
8/22/2017,11.35,2452.51
8/23/2017,12.25,2444.04
8/24/2017,12.23,2438.97
8/25/2017,11.28,2443.05
8/28/2017,11.32,2444.24
8/29/2017,11.7,2446.3
8/30/2017,11.22,2457.59
8/31/2017,10.59,2471.65
9/1/2017,10.13,2476.55
9/4/2017,10.13,2476.55
9/5/2017,12.23,2457.85
9/6/2017,11.63,2465.54
9/7/2017,11.55,2465.1
9/8/2017,12.12,2461.43
9/11/2017,10.73,2488.11
9/12/2017,10.58,2496.48
9/13/2017,10.5,2498.37
9/14/2017,10.44,2495.62
9/15/2017,10.17,2500.23
9/18/2017,10.15,2503.87
9/19/2017,10.18,2506.65
9/20/2017,9.78,2508.24
9/21/2017,9.67,2500.6
9/22/2017,9.59,2502.22
9/25/2017,10.21,2496.66
9/26/2017,10.17,2496.84
9/27/2017,9.87,2507.04
9/28/2017,9.55,2510.06
9/29/2017,9.51,2519.36
10/2/2017,9.45,2529.12
10/3/2017,9.51,2534.58
10/4/2017,9.63,2537.74
10/5/2017,9.19,2552.07
10/6/2017,9.65,2549.33
10/9/2017,10.33,2544.73
10/10/2017,10.08,2550.64
10/11/2017,9.85,2555.24
10/12/2017,9.91,2550.93
10/13/2017,9.61,2553.17
10/16/2017,9.91,2557.64
10/17/2017,10.31,2559.36
10/18/2017,10.07,2561.26
10/19/2017,10.05,2562.1
10/20/2017,9.97,2575.21
10/23/2017,11.07,2564.98
10/24/2017,11.16,2569.13
10/25/2017,11.23,2557.15
10/26/2017,11.3,2560.4
10/27/2017,9.8,2581.07
10/30/2017,10.5,2572.83
10/31/2017,10.18,2575.26
11/1/2017,10.2,2579.36
11/2/2017,9.93,2579.85
11/3/2017,9.14,2587.84
11/6/2017,9.4,2591.13
11/7/2017,9.89,2590.64
11/8/2017,9.78,2594.38
11/9/2017,10.5,2584.62
11/10/2017,11.29,2582.3
11/13/2017,11.5,2584.84
11/14/2017,11.59,2578.87
11/15/2017,13.13,2564.62
11/16/2017,11.76,2585.64
11/17/2017,11.43,2578.85
11/20/2017,10.65,2582.14
11/21/2017,9.73,2599.03
11/22/2017,9.88,2597.08
11/23/2017,9.88,2597.08
11/24/2017,9.67,2602.42
11/27/2017,9.87,2601.42
11/28/2017,10.03,2627.04
11/29/2017,10.7,2626.07
11/30/2017,11.28,2647.58
12/1/2017,11.43,2642.22
12/4/2017,11.68,2639.44
12/5/2017,11.33,2629.57
12/6/2017,11.02,2629.27
12/7/2017,10.16,2636.98
12/8/2017,9.58,2651.5
12/11/2017,9.34,2659.99
12/12/2017,9.92,2664.11
12/13/2017,10.18,2662.85
12/14/2017,10.49,2652.01
12/15/2017,9.42,2675.81
12/18/2017,9.53,2690.16
12/19/2017,10.03,2681.47
12/20/2017,9.72,2679.25
12/21/2017,9.62,2684.57
12/22/2017,9.9,2683.34
12/25/2017,9.9,2683.34
12/26/2017,10.25,2680.5
12/27/2017,10.47,2682.62
12/28/2017,10.18,2687.54
12/29/2017,11.04,2673.61
1/1/2018,11.04,2673.61
1/2/2018,9.77,2695.81
1/3/2018,9.15,2713.06
1/4/2018,9.22,2723.99
1/5/2018,9.22,2743.15
1/8/2018,9.52,2747.71
1/9/2018,10.08,2751.29
1/10/2018,9.82,2748.23
1/11/2018,9.88,2767.56
1/12/2018,10.16,2786.24
1/15/2018,10.16,2786.24
1/16/2018,11.66,2776.42
1/17/2018,11.91,2802.56
1/18/2018,12.22,2798.03
1/19/2018,11.27,2810.3
1/22/2018,11.03,2832.97
1/23/2018,11.1,2839.13
1/24/2018,11.47,2837.54
1/25/2018,11.58,2839.25
1/26/2018,11.08,2872.87
1/29/2018,13.84,2853.53
1/30/2018,14.79,2822.43
1/31/2018,13.54,2823.81
2/1/2018,13.47,2821.98
2/2/2018,17.31,2762.13
2/5/2018,37.32,2648.94
2/6/2018,29.98,2695.14
2/7/2018,27.73,2681.66
2/8/2018,33.46,2581
2/9/2018,29.06,2619.55
2/12/2018,25.61,2656
2/13/2018,24.97,2662.94
2/14/2018,19.26,2698.63
2/15/2018,19.13,2731.2
2/16/2018,19.46,2732.22
2/19/2018,19.46,2732.22
2/20/2018,20.6,2716.26
2/21/2018,20.02,2701.33
2/22/2018,18.72,2703.96
2/23/2018,16.49,2747.3
2/26/2018,15.8,2779.6
2/27/2018,18.59,2744.28
2/28/2018,19.85,2713.83
3/1/2018,22.47,2677.67
3/2/2018,19.59,2691.25
3/5/2018,18.73,2720.94
3/6/2018,18.36,2728.12
3/7/2018,17.76,2726.8
3/8/2018,16.54,2738.97
3/9/2018,14.64,2786.57
3/12/2018,15.78,2783.02
3/13/2018,16.35,2765.31
3/14/2018,17.23,2749.48
3/15/2018,16.59,2747.33
3/16/2018,15.8,2752.01
3/19/2018,19.02,2712.92
3/20/2018,18.2,2716.94
3/21/2018,17.86,2711.93
3/22/2018,23.34,2643.69
3/23/2018,24.87,2588.26
3/26/2018,21.03,2658.55
3/27/2018,22.5,2612.62
3/28/2018,22.87,2605
3/29/2018,19.97,2640.87
3/30/2018,19.97,2640.87
4/2/2018,23.62,2581.88
4/3/2018,21.1,2614.45
4/4/2018,20.06,2644.69
4/5/2018,18.94,2662.84
4/6/2018,21.49,2604.47
4/9/2018,21.77,2613.16
4/10/2018,20.47,2656.87
4/11/2018,20.24,2642.19
4/12/2018,18.49,2663.99
4/13/2018,17.41,2656.3
4/16/2018,16.56,2677.84
4/17/2018,15.25,2706.39
4/18/2018,15.6,2708.64
4/19/2018,15.96,2693.13
4/20/2018,16.88,2670.14
4/23/2018,16.34,2670.29
4/24/2018,18.02,2634.56
4/25/2018,17.84,2639.4
4/26/2018,16.24,2666.94
4/27/2018,15.41,2669.91
4/30/2018,15.93,2648.05
5/1/2018,15.49,2654.8
5/2/2018,15.97,2635.67
5/3/2018,15.9,2629.73
5/4/2018,14.77,2663.42
5/7/2018,14.75,2672.63
5/8/2018,14.71,2671.92
5/9/2018,13.42,2697.79
5/10/2018,13.23,2723.07
5/11/2018,12.65,2727.72
5/14/2018,12.93,2730.13
5/15/2018,14.63,2711.45
5/16/2018,13.42,2722.46
5/17/2018,13.43,2720.13
5/18/2018,13.42,2712.97
5/21/2018,13.08,2733.01
5/22/2018,13.22,2724.44
5/23/2018,12.58,2733.29
5/24/2018,12.53,2727.76
5/25/2018,13.22,2721.33
5/28/2018,13.22,2721.33
5/29/2018,17.02,2689.86
5/30/2018,14.94,2724.01
5/31/2018,15.43,2705.27
6/1/2018,13.46,2734.62
6/4/2018,12.74,2746.87
6/5/2018,12.4,2748.8
6/6/2018,11.64,2772.35
6/7/2018,12.13,2770.37
6/8/2018,12.18,2779.03
6/11/2018,12.35,2782
6/12/2018,12.34,2786.85
6/13/2018,12.94,2775.63
6/14/2018,12.12,2782.49
6/15/2018,11.98,2779.66
6/18/2018,12.31,2773.75
6/19/2018,13.35,2762.59
6/20/2018,12.79,2767.32
6/21/2018,14.64,2749.76
6/22/2018,13.77,2754.88
6/25/2018,17.33,2717.07
6/26/2018,15.92,2723.06
6/27/2018,17.91,2699.63
6/28/2018,16.85,2716.31
6/29/2018,16.09,2718.37
7/2/2018,15.6,2726.71
7/3/2018,16.14,2713.22
7/4/2018,16.14,2713.22
7/5/2018,14.97,2736.61
7/6/2018,13.37,2759.82
7/9/2018,12.69,2784.17
7/10/2018,12.64,2793.84
7/11/2018,13.63,2774.02
7/12/2018,12.58,2798.29
7/13/2018,12.18,2801.31
7/16/2018,12.83,2798.43
7/17/2018,12.06,2809.55
7/18/2018,12.1,2815.62
7/19/2018,12.87,2804.49
7/20/2018,12.86,2801.83
7/23/2018,12.62,2806.98
7/24/2018,12.41,2820.4
7/25/2018,12.29,2846.07
7/26/2018,12.14,2837.44
7/27/2018,13.03,2818.82
7/30/2018,14.26,2802.6
7/31/2018,12.83,2816.29
8/1/2018,13.15,2813.36
8/2/2018,12.19,2827.22
8/3/2018,11.64,2840.35
8/6/2018,11.27,2850.4
8/7/2018,10.93,2858.45
8/8/2018,10.85,2857.7
8/9/2018,11.27,2853.58
8/10/2018,13.16,2833.28
8/13/2018,14.78,2821.93
8/14/2018,13.31,2839.96
8/15/2018,14.64,2818.37
8/16/2018,13.45,2840.69
8/17/2018,12.64,2850.13
8/20/2018,12.49,2857.05
8/21/2018,12.86,2862.96
8/22/2018,12.25,2861.82
8/23/2018,12.41,2856.98
8/24/2018,11.99,2874.69
8/27/2018,12.16,2896.74
8/28/2018,12.5,2897.52
8/29/2018,12.25,2914.04
8/30/2018,13.53,2901.13
8/31/2018,12.86,2901.52
9/3/2018,12.86,2901.52
9/4/2018,13.16,2896.72
9/5/2018,13.91,2888.6
9/6/2018,14.65,2878.05
9/7/2018,14.88,2871.68
9/10/2018,14.16,2877.13
9/11/2018,13.22,2887.89
9/12/2018,13.14,2888.92
9/13/2018,12.37,2904.18
9/14/2018,12.07,2904.98
9/17/2018,13.68,2888.8
9/18/2018,12.79,2904.31
9/19/2018,11.75,2907.95
9/20/2018,11.8,2930.75
9/21/2018,11.68,2929.67
9/24/2018,12.2,2919.37
9/25/2018,12.42,2915.56
9/26/2018,12.89,2905.97
9/27/2018,12.41,2914
9/28/2018,12.12,2913.98
10/1/2018,12,2924.59
10/2/2018,12.05,2923.43
10/3/2018,11.61,2925.51
10/4/2018,14.22,2901.61
10/5/2018,14.82,2885.57
10/8/2018,15.69,2884.43
10/9/2018,15.95,2880.34
10/10/2018,22.96,2785.68
10/11/2018,24.98,2728.37
10/12/2018,21.31,2767.13
10/15/2018,21.3,2750.79
10/16/2018,17.62,2809.92
10/17/2018,17.4,2809.21
10/18/2018,20.06,2768.78
10/19/2018,19.89,2767.78
10/22/2018,19.64,2755.88
10/23/2018,20.71,2740.69
10/24/2018,25.23,2656.1
10/25/2018,24.22,2705.57
10/26/2018,24.16,2658.69
10/29/2018,24.7,2641.25
10/30/2018,23.35,2682.63
10/31/2018,21.23,2711.74
11/1/2018,19.34,2740.37
11/2/2018,19.51,2723.06
11/5/2018,19.96,2738.31
11/6/2018,19.91,2755.45
11/7/2018,16.36,2813.89
11/8/2018,16.72,2806.83
11/9/2018,17.36,2781.01
11/12/2018,20.45,2726.22
11/13/2018,20.02,2722.18
11/14/2018,21.25,2701.58
11/15/2018,19.98,2730.2
11/16/2018,18.14,2736.27
11/19/2018,20.1,2690.73
11/20/2018,22.48,2641.89
11/21/2018,20.8,2649.93
11/22/2018,20.8,2649.93
11/23/2018,21.52,2632.56
11/26/2018,18.9,2673.45
11/27/2018,19.02,2682.17
11/28/2018,18.49,2743.79
11/29/2018,18.79,2737.76
11/30/2018,18.07,2760.17
12/3/2018,16.44,2790.37
12/4/2018,20.74,2700.06
12/5/2018,20.74,2700.06
12/6/2018,21.19,2695.95
12/7/2018,23.23,2633.08
12/10/2018,22.64,2637.72
12/11/2018,21.76,2636.78
12/12/2018,21.46,2651.07
12/13/2018,20.65,2650.54
12/14/2018,21.63,2599.95
12/17/2018,24.52,2545.94
12/18/2018,25.58,2546.16
12/19/2018,25.58,2506.96
12/20/2018,28.38,2467.42
12/21/2018,30.11,2416.62
12/24/2018,36.07,2351.1
12/25/2018,36.07,2351.1
12/26/2018,30.41,2467.7
12/27/2018,29.96,2488.83
12/28/2018,28.34,2485.74
12/31/2018,25.42,2506.85
1/1/2019,25.42,2506.85
1/2/2019,23.22,2510.03
1/3/2019,25.45,2447.89
1/4/2019,21.38,2531.94
1/7/2019,21.4,2549.69
1/8/2019,20.47,2574.41
1/9/2019,19.98,2584.96
1/10/2019,19.5,2596.64
1/11/2019,18.19,2596.26
1/14/2019,19.07,2582.61
1/15/2019,18.6,2610.3
1/16/2019,19.04,2616.1
1/17/2019,18.06,2635.96
1/18/2019,17.8,2670.71
1/21/2019,17.8,2670.71
1/22/2019,20.8,2632.9
1/23/2019,19.52,2638.7
1/24/2019,18.89,2642.33
1/25/2019,17.42,2664.76
1/28/2019,18.87,2643.85
1/29/2019,19.13,2640
1/30/2019,17.66,2681.05
1/31/2019,16.57,2704.1
2/1/2019,16.14,2706.53
2/4/2019,15.73,2724.87
2/5/2019,15.57,2737.7
2/6/2019,15.38,2731.61
2/7/2019,16.37,2706.05
2/8/2019,15.72,2707.88
2/11/2019,15.97,2709.8
2/12/2019,15.43,2744.73
2/13/2019,15.65,2753.03
2/14/2019,16.22,2745.73
2/15/2019,14.91,2775.6
2/18/2019,14.91,2775.6
2/19/2019,14.88,2779.76
2/20/2019,14.02,2784.7
2/21/2019,14.46,2774.88
2/22/2019,13.51,2792.67
2/25/2019,14.85,2796.11
2/26/2019,15.17,2793.9
2/27/2019,14.7,2792.38
2/28/2019,14.78,2784.49
3/1/2019,13.57,2803.69
3/4/2019,14.63,2792.81
3/5/2019,14.74,2789.65
3/6/2019,15.74,2771.45
3/7/2019,16.59,2748.93
3/8/2019,16.05,2743.07
3/11/2019,14.33,2783.3
3/12/2019,13.77,2791.52
3/13/2019,13.41,2810.92
3/14/2019,13.5,2808.48
3/15/2019,12.88,2822.48
3/18/2019,13.1,2832.94
3/19/2019,13.56,2832.57
3/20/2019,13.91,2824.23
3/21/2019,13.63,2854.88
3/22/2019,16.48,2800.71
3/25/2019,16.33,2798.36
3/26/2019,14.68,2818.46
3/27/2019,15.15,2805.37
3/28/2019,14.43,2815.44
3/29/2019,13.71,2834.4
4/1/2019,13.4,2867.19
4/2/2019,13.36,2867.24
4/3/2019,13.74,2873.4
4/4/2019,13.58,2879.39
4/5/2019,12.82,2892.74
4/8/2019,13.18,2895.77
4/9/2019,14.28,2878.2
4/10/2019,13.3,2888.21
4/11/2019,13.02,2888.32
4/12/2019,12.01,2907.41
4/15/2019,12.32,2905.58
4/16/2019,12.18,2907.06
4/17/2019,12.6,2900.45
4/18/2019,12.09,2905.03
4/19/2019,12.09,2905.03
4/22/2019,12.42,2907.97
4/23/2019,12.28,2933.68
4/24/2019,13.14,2927.25
4/25/2019,13.25,2926.17
4/26/2019,12.73,2939.88
4/29/2019,13.11,2943.03
4/30/2019,13.12,2945.83
5/1/2019,14.8,2923.73
5/2/2019,14.42,2917.52
5/3/2019,12.87,2945.64
5/6/2019,15.44,2932.47
5/7/2019,19.32,2884.05
5/8/2019,19.4,2879.42
5/9/2019,19.1,2870.72
5/10/2019,16.04,2881.4
5/13/2019,20.55,2811.87
5/14/2019,18.06,2834.41
5/15/2019,16.44,2850.96
5/16/2019,15.29,2876.32
5/17/2019,15.96,2859.53
5/20/2019,16.31,2840.23
5/21/2019,14.95,2864.36
5/22/2019,14.75,2856.27
5/23/2019,16.92,2822.24
5/24/2019,15.85,2826.06
5/27/2019,15.85,2826.06
5/28/2019,17.5,2802.39
5/29/2019,17.9,2783.02
5/30/2019,17.3,2788.86
5/31/2019,18.71,2752.06
6/3/2019,18.86,2744.45
6/4/2019,16.97,2803.27
6/5/2019,16.09,2826.15
6/6/2019,15.93,2843.49
6/7/2019,16.3,2873.34
6/10/2019,15.94,2886.73
6/11/2019,15.99,2885.72
6/12/2019,15.91,2879.84
6/13/2019,15.82,2891.64
6/14/2019,15.28,2886.98
6/17/2019,15.35,2889.67
6/18/2019,15.15,2917.75
6/19/2019,14.33,2926.46
6/20/2019,14.75,2954.18
6/21/2019,15.4,2950.46
6/24/2019,15.26,2945.35
6/25/2019,16.28,2917.38
6/26/2019,16.21,2913.78
6/27/2019,15.82,2924.92
6/28/2019,15.08,2941.76
7/1/2019,14.06,2964.33
7/2/2019,12.93,2973.01
7/3/2019,12.57,2995.82
7/4/2019,12.57,2995.82
7/5/2019,13.28,2990.41
7/8/2019,13.96,2975.95
7/9/2019,14.09,2979.63
7/10/2019,13.03,2993.07
7/11/2019,12.93,2999.91
7/12/2019,12.39,3013.77
7/15/2019,12.68,3014.3
7/16/2019,12.86,3004.04
7/17/2019,13.97,2984.42
7/18/2019,13.53,2995.11
7/19/2019,14.45,2976.61
7/22/2019,13.53,2985.03
7/23/2019,12.61,3005.47
7/24/2019,12.07,3019.56
7/25/2019,12.74,3003.67
7/26/2019,12.16,3025.86
7/29/2019,12.83,3020.97
7/30/2019,13.94,3013.18
7/31/2019,16.12,2980.38
8/1/2019,17.87,2953.56
8/2/2019,17.61,2932.05
8/5/2019,24.59,2844.74
8/6/2019,20.17,2881.77
8/7/2019,19.49,2883.98
8/8/2019,16.91,2938.09
8/9/2019,17.97,2918.65
8/12/2019,21.09,2883.75
8/13/2019,17.52,2926.32
8/14/2019,22.1,2840.6
8/15/2019,21.18,2847.6
8/16/2019,18.47,2888.68
8/19/2019,16.88,2923.65
8/20/2019,17.5,2900.51
8/21/2019,15.8,2924.43
8/22/2019,16.68,2922.95
8/23/2019,19.87,2847.11
8/26/2019,19.32,2878.38
8/27/2019,20.31,2869.16
8/28/2019,19.35,2887.94
8/29/2019,17.88,2924.58
8/30/2019,18.98,2926.46
9/2/2019,18.98,2926.46
9/3/2019,19.66,2906.27
9/4/2019,17.33,2937.78
9/5/2019,16.27,2976
9/6/2019,15,2978.71
9/9/2019,15.27,2978.43
9/10/2019,15.2,2979.39
9/11/2019,14.61,3000.93
9/12/2019,14.22,3009.57
9/13/2019,13.74,3007.39
9/16/2019,14.67,2997.96
9/17/2019,14.44,3005.7
9/18/2019,13.95,3006.73
9/19/2019,14.05,3006.79
9/20/2019,15.32,2992.07
9/23/2019,14.91,2991.78
9/24/2019,17.05,2966.6
9/25/2019,15.96,2984.87
9/26/2019,16.07,2977.62
9/27/2019,17.22,2961.79
9/30/2019,16.24,2976.74
10/1/2019,18.56,2940.25
10/2/2019,20.56,2887.61
10/3/2019,19.12,2910.63
10/4/2019,17.04,2952.01
10/7/2019,17.86,2938.79
10/8/2019,20.28,2893.06
10/9/2019,18.64,2919.4
10/10/2019,17.57,2938.13
10/11/2019,15.58,2970.27
10/14/2019,14.57,2966.15
10/15/2019,13.54,2995.68
10/16/2019,13.68,2989.69
10/17/2019,13.79,2997.95
10/18/2019,14.25,2986.2
10/21/2019,14,3006.72
10/22/2019,14.46,2995.99
10/23/2019,14.01,3004.52
10/24/2019,13.71,3010.29
10/25/2019,12.65,3022.55
10/28/2019,13.11,3039.42
10/29/2019,13.2,3036.89
10/30/2019,12.33,3046.77
10/31/2019,13.22,3037.56
11/1/2019,12.3,3066.91
11/4/2019,12.83,3078.27
11/5/2019,13.1,3074.62
11/6/2019,12.62,3076.78
11/7/2019,12.73,3085.18
11/8/2019,12.07,3093.08
11/11/2019,12.69,3087.01
11/12/2019,12.68,3091.84
11/13/2019,13,3094.04
11/14/2019,13.05,3096.63
11/15/2019,12.05,3120.46
11/18/2019,12.46,3122.03
11/19/2019,12.86,3120.18
11/20/2019,12.78,3108.46
11/21/2019,13.13,3103.54
11/22/2019,12.34,3110.29
11/25/2019,11.87,3133.64
11/26/2019,11.54,3140.52
11/27/2019,11.75,3153.63
11/28/2019,11.75,3153.63
11/29/2019,12.62,3140.98
12/2/2019,14.91,3113.87
12/3/2019,15.96,3093.2
12/4/2019,14.8,3112.76
12/5/2019,14.52,3117.43
12/6/2019,13.62,3145.91
12/9/2019,15.86,3135.96
12/10/2019,15.68,3132.52
12/11/2019,14.99,3141.63
12/12/2019,13.94,3168.57
12/13/2019,12.63,3168.8
12/16/2019,12.14,3191.45
12/17/2019,12.29,3192.52
12/18/2019,12.58,3191.14
12/19/2019,12.5,3205.37
12/20/2019,12.51,3221.22
12/23/2019,12.61,3224.01
12/24/2019,12.67,3223.38
12/25/2019,12.67,3223.38
12/26/2019,12.65,3239.91
12/27/2019,13.43,3240.02
12/30/2019,14.82,3221.29
12/31/2019,13.78,3230.78
1/1/2020,13.78,3230.78
1/2/2020,12.47,3257.85
1/3/2020,14.02,3234.85
1/6/2020,13.85,3246.28
1/7/2020,13.79,3237.18
1/8/2020,13.45,3253.05
1/9/2020,12.54,3274.7
1/10/2020,12.56,3265.35
1/13/2020,12.32,3288.13
1/14/2020,12.39,3283.15
1/15/2020,12.42,3289.29
1/16/2020,12.32,3316.81
1/17/2020,12.1,3329.62
1/20/2020,12.1,3329.62
1/21/2020,12.85,3320.79
1/22/2020,12.91,3321.75
1/23/2020,12.98,3325.54
1/24/2020,14.56,3295.47
1/27/2020,18.23,3243.63
1/28/2020,16.28,3276.24
1/29/2020,16.39,3273.4
1/30/2020,15.49,3283.66
1/31/2020,18.84,3225.52
2/3/2020,17.97,3248.92
2/4/2020,16.05,3297.59
2/5/2020,15.15,3334.69
2/6/2020,14.96,3345.78
2/7/2020,15.47,3327.71
2/10/2020,15.04,3352.09
2/11/2020,15.18,3357.75
2/12/2020,13.74,3379.45
2/13/2020,14.15,3373.94
2/14/2020,13.68,3380.16
2/17/2020,13.68,3380.16
2/18/2020,14.83,3370.29
2/19/2020,14.38,3386.15
2/20/2020,15.56,3373.23
2/21/2020,17.08,3337.75
2/24/2020,25.03,3225.89
2/25/2020,27.85,3128.21
2/26/2020,27.56,3116.39
2/27/2020,39.16,2978.76
2/28/2020,40.11,2954.22
3/2/2020,33.42,3090.23
3/3/2020,36.82,3003.37
3/4/2020,31.99,3130.12
3/5/2020,39.62,3023.94
3/6/2020,41.94,2972.37
3/9/2020,54.46,2746.56
3/10/2020,47.3,2882.23
3/11/2020,53.9,2741.38
3/12/2020,75.47,2480.64
3/13/2020,57.83,2711.02
3/16/2020,82.69,2386.13
3/17/2020,75.91,2529.19
3/18/2020,76.45,2398.1
3/19/2020,72,2409.39
3/20/2020,66.04,2304.92
3/23/2020,61.59,2237.4
3/24/2020,61.67,2447.33
3/25/2020,63.95,2475.56
3/26/2020,61,2630.07
3/27/2020,65.54,2541.47
3/30/2020,57.08,2626.65
3/31/2020,53.54,2584.59
4/1/2020,57.06,2470.5
4/2/2020,50.91,2526.9
4/3/2020,46.8,2488.65
4/6/2020,45.24,2663.68
4/7/2020,46.7,2659.41
4/8/2020,43.35,2749.98
4/9/2020,41.67,2789.82
4/10/2020,41.67,2789.82
4/13/2020,41.17,2761.63
4/14/2020,37.76,2846.06
4/15/2020,40.84,2783.36
4/16/2020,40.11,2799.55
4/17/2020,38.15,2874.56
4/20/2020,43.83,2823.16
4/21/2020,45.41,2736.56
4/22/2020,41.98,2799.31
4/23/2020,41.38,2797.8
4/24/2020,35.93,2836.74
4/27/2020,33.29,2878.48
4/28/2020,33.57,2863.39
4/29/2020,31.23,2939.51
4/30/2020,34.15,2912.43
5/1/2020,37.19,2830.71
5/4/2020,35.97,2842.74
5/5/2020,33.61,2868.44
5/6/2020,34.12,2848.42
5/7/2020,31.44,2881.19
5/8/2020,27.98,2929.8
5/11/2020,27.57,2930.32
5/12/2020,33.04,2870.12
5/13/2020,35.28,2820
5/14/2020,32.61,2852.5
5/15/2020,31.89,2863.7
5/18/2020,29.3,2953.91
5/19/2020,30.53,2922.94
5/20/2020,27.99,2971.61
5/21/2020,29.53,2948.51
5/22/2020,28.16,2955.45
5/25/2020,28.16,2955.45
5/26/2020,28.01,2991.77
5/27/2020,27.62,3036.13
5/28/2020,28.59,3029.73
5/29/2020,27.51,3044.31
6/1/2020,28.23,3055.73
6/2/2020,26.84,3080.82
6/3/2020,25.66,3122.87
6/4/2020,25.81,3112.35
6/5/2020,24.52,3193.93
6/8/2020,25.81,3232.39
6/9/2020,27.57,3207.18
6/10/2020,27.57,3190.14
6/11/2020,40.79,3002.1
6/12/2020,36.09,3041.31
6/15/2020,34.4,3066.59
6/16/2020,33.67,3124.74
6/17/2020,33.47,3113.49
6/18/2020,32.94,3115.34
6/19/2020,35.12,3097.74
6/22/2020,31.77,3117.86
6/23/2020,31.37,3131.29
6/24/2020,33.84,3050.33
6/25/2020,32.22,3083.76
6/26/2020,34.73,3009.05
6/29/2020,31.78,3053.24
6/30/2020,30.43,3100.29
7/1/2020,28.62,3115.86
7/2/2020,27.68,3130.01
7/3/2020,27.68,3130.01
7/6/2020,27.94,3179.72
7/7/2020,29.43,3145.32
7/8/2020,28.08,3169.94
7/9/2020,29.26,3152.05
7/10/2020,27.29,3185.04
7/13/2020,32.19,3155.22
7/14/2020,29.52,3197.52
7/15/2020,27.76,3226.56
7/16/2020,28,3215.57
7/17/2020,25.68,3224.73
7/20/2020,24.46,3251.84
7/21/2020,24.84,3257.3
7/22/2020,24.32,3276.02
7/23/2020,26.08,3235.66
7/24/2020,25.84,3215.63
7/27/2020,24.74,3239.41
7/28/2020,25.44,3218.44
7/29/2020,24.1,3258.44
7/30/2020,24.76,3246.22
7/31/2020,24.46,3271.12
8/3/2020,24.28,3294.61
8/4/2020,23.76,3306.51
8/5/2020,22.99,3327.77
8/6/2020,22.65,3349.16
8/7/2020,22.21,3351.28
8/10/2020,22.13,3360.47
8/11/2020,24.03,3333.69
8/12/2020,22.28,3380.35
8/13/2020,22.13,3373.43
8/14/2020,22.05,3372.85
8/17/2020,21.35,3381.99
8/18/2020,21.51,3389.78
8/19/2020,22.54,3374.85
8/20/2020,22.72,3385.51
8/21/2020,22.54,3397.16
8/24/2020,22.37,3431.28
8/25/2020,22.03,3443.62
8/26/2020,23.27,3478.73
8/27/2020,24.47,3484.55
8/28/2020,22.96,3508.01
8/31/2020,26.41,3500.31
9/1/2020,26.12,3526.65
9/2/2020,26.57,3580.84
9/3/2020,33.6,3455.06
9/4/2020,30.75,3426.96
9/7/2020,30.75,3426.96
9/8/2020,31.46,3331.84
9/9/2020,28.81,3398.96
9/10/2020,29.71,3339.19
9/11/2020,26.87,3340.97
9/14/2020,25.85,3383.54
9/15/2020,25.59,3401.2
9/16/2020,26.04,3385.49
9/17/2020,26.46,3357.01
9/18/2020,25.83,3319.47
9/21/2020,27.78,3281.06
9/22/2020,26.86,3315.57
9/23/2020,28.58,3236.92
9/24/2020,28.51,3246.59
9/25/2020,26.38,3298.46
9/28/2020,26.19,3351.6
9/29/2020,26.27,3335.47
9/30/2020,26.37,3363
10/1/2020,26.7,3380.8
10/2/2020,27.63,3348.44
10/5/2020,27.96,3408.63
10/6/2020,29.48,3360.95
10/7/2020,28.06,3419.45
10/8/2020,26.36,3446.83
10/9/2020,25,3477.13
10/12/2020,25.07,3534.22
10/13/2020,26.07,3511.93
10/14/2020,26.4,3488.67
10/15/2020,26.97,3483.34
10/16/2020,27.41,3483.81
10/19/2020,29.18,3426.92
10/20/2020,29.35,3443.12
10/21/2020,28.65,3435.56
10/22/2020,28.11,3453.49
10/23/2020,27.55,3465.39
10/26/2020,32.46,3400.97
10/27/2020,33.35,3390.68
10/28/2020,40.28,3271.03
10/29/2020,37.59,3310.11
10/30/2020,38.02,3269.96
11/2/2020,37.13,3310.24
11/3/2020,35.55,3369.16
11/4/2020,29.57,3443.44
11/5/2020,27.58,3510.45
11/6/2020,24.86,3509.44
11/9/2020,25.75,3550.5
11/10/2020,24.8,3545.53
11/11/2020,23.45,3572.66
11/12/2020,25.35,3537.01
11/13/2020,23.1,3585.15
11/16/2020,22.45,3626.91
11/17/2020,22.71,3609.53
11/18/2020,23.84,3567.79
11/19/2020,23.11,3581.87
11/20/2020,23.7,3557.54
11/23/2020,22.66,3577.59
11/24/2020,21.64,3635.41
11/25/2020,21.25,3629.65
11/26/2020,21.25,3629.65
11/27/2020,20.84,3638.35
11/30/2020,20.57,3621.63
12/1/2020,20.77,3662.45
12/2/2020,21.17,3669.01
12/3/2020,21.28,3666.72
12/4/2020,20.79,3699.12
12/7/2020,21.3,3691.96
12/8/2020,20.68,3702.25
12/9/2020,22.27,3672.82
12/10/2020,22.52,3668.1
12/11/2020,23.31,3663.46
12/14/2020,24.72,3647.49
12/15/2020,22.89,3694.62
12/16/2020,22.5,3701.17
12/17/2020,21.93,3722.48
12/18/2020,21.57,3709.41
12/21/2020,25.16,3694.92
12/22/2020,24.23,3687.26
12/23/2020,23.31,3690.01
12/24/2020,21.53,3703.06
12/25/2020,21.53,3703.06
12/28/2020,21.7,3735.36
12/29/2020,23.08,3727.04
12/30/2020,22.77,3732.04
12/31/2020,22.75,3756.07
1/1/2021,22.75,3756.07
1/4/2021,26.97,3700.65
1/5/2021,25.34,3726.86
1/6/2021,25.07,3748.14
1/7/2021,22.37,3803.79
1/8/2021,21.56,3824.68
1/11/2021,24.08,3799.61
1/12/2021,23.33,3801.19
1/13/2021,22.21,3809.84
1/14/2021,23.25,3795.54
1/15/2021,24.34,3768.25
1/18/2021,24.34,3768.25
1/19/2021,23.24,3798.91
1/20/2021,21.58,3851.85
1/21/2021,21.32,3853.07
1/22/2021,21.91,3841.47
1/25/2021,23.19,3855.36
1/26/2021,23.02,3849.62
1/27/2021,37.21,3750.77
1/28/2021,30.21,3787.38
1/29/2021,33.09,3714.24
2/1/2021,30.24,3773.86
2/2/2021,25.56,3826.31
2/3/2021,22.91,3830.17
2/4/2021,21.77,3871.74
2/5/2021,20.87,3886.83
2/8/2021,21.24,3915.59
2/9/2021,21.63,3911.23
2/10/2021,21.99,3909.88
2/11/2021,21.25,3916.38
2/12/2021,19.97,3934.83
2/15/2021,19.97,3934.83
2/16/2021,21.46,3932.59
2/17/2021,21.5,3931.33
2/18/2021,22.49,3913.97
2/19/2021,22.05,3906.71
2/22/2021,23.45,3876.5
2/23/2021,23.11,3881.37
2/24/2021,21.34,3925.43
2/25/2021,28.89,3829.34
2/26/2021,27.95,3811.15
3/1/2021,23.35,3901.82
3/2/2021,24.1,3870.29
3/3/2021,26.67,3819.72
3/4/2021,28.57,3768.47
3/5/2021,24.66,3841.94
3/8/2021,25.47,3821.35
3/9/2021,24.03,3875.44
3/10/2021,22.56,3898.81
3/11/2021,21.91,3939.34
3/12/2021,20.69,3943.34
3/15/2021,20.03,3968.94
3/16/2021,19.79,3962.71
3/17/2021,19.23,3974.12
3/18/2021,21.58,3915.46
3/19/2021,20.95,3913.1
3/22/2021,18.88,3940.59
3/23/2021,20.3,3910.52
3/24/2021,21.2,3889.14
3/25/2021,19.81,3909.52
3/26/2021,18.86,3974.54
3/29/2021,20.74,3971.09
3/30/2021,19.61,3958.55
3/31/2021,19.4,3972.89
4/1/2021,17.33,4019.87
4/2/2021,17.33,4019.87
4/5/2021,17.91,4077.91
4/6/2021,18.12,4073.94
4/7/2021,17.16,4079.95
4/8/2021,16.95,4097.17
4/9/2021,16.69,4128.8
4/12/2021,16.91,4127.99
4/13/2021,16.65,4141.59
4/14/2021,16.99,4124.66
4/15/2021,16.57,4170.42
4/16/2021,16.25,4185.47
4/19/2021,17.29,4163.26
4/20/2021,18.68,4134.94
4/21/2021,17.5,4173.42
4/22/2021,18.71,4134.98
4/23/2021,17.33,4180.17
4/26/2021,17.64,4187.62
4/27/2021,17.56,4186.72
4/28/2021,17.28,4183.18
4/29/2021,17.61,4211.47
4/30/2021,18.61,4181.17
5/3/2021,18.31,4192.66
5/4/2021,19.48,4164.66
5/5/2021,19.15,4167.59
5/6/2021,18.39,4201.62
5/7/2021,16.69,4232.6
5/10/2021,19.66,4188.43
5/11/2021,21.84,4152.1
5/12/2021,27.59,4063.04
5/13/2021,23.13,4112.5
5/14/2021,18.81,4173.85
5/17/2021,19.72,4163.29
5/18/2021,21.34,4127.83
5/19/2021,22.18,4115.68
5/20/2021,20.67,4159.12
5/21/2021,20.15,4155.86
5/24/2021,18.4,4197.05
5/25/2021,18.84,4188.13
5/26/2021,17.36,4195.99
5/27/2021,16.74,4200.88
5/28/2021,16.76,4204.11
5/31/2021,16.76,4204.11
6/1/2021,17.9,4202.04
6/2/2021,17.48,4208.12
6/3/2021,18.04,4192.85
6/4/2021,16.42,4229.89
6/7/2021,16.42,4226.52
6/8/2021,17.07,4227.26
6/9/2021,17.89,4219.55
6/10/2021,16.1,4239.18
6/11/2021,15.65,4247.44
6/14/2021,16.39,4255.15
6/15/2021,17.02,4246.59
6/16/2021,18.15,4223.7
6/17/2021,17.75,4221.86
6/18/2021,20.7,4166.45
6/21/2021,17.89,4224.79
6/22/2021,16.66,4246.44
6/23/2021,16.32,4241.84
6/24/2021,15.97,4266.49
6/25/2021,15.62,4280.7
6/28/2021,15.76,4290.61
6/29/2021,16.02,4291.8
6/30/2021,15.83,4297.5
7/1/2021,15.48,4319.94
7/2/2021,15.07,4352.34
7/5/2021,15.07,4352.34
7/6/2021,16.44,4343.54
7/7/2021,16.2,4358.13
7/8/2021,19,4320.82
7/9/2021,16.18,4369.55
7/12/2021,16.17,4384.63
7/13/2021,17.12,4369.21
7/14/2021,16.33,4374.3
7/15/2021,17.01,4360.03
7/16/2021,18.45,4327.16
7/19/2021,22.5,4258.49
7/20/2021,19.73,4323.06
7/21/2021,17.91,4358.69
7/22/2021,17.69,4367.48
7/23/2021,17.2,4411.79
7/26/2021,17.58,4422.3
7/27/2021,19.36,4401.46
7/28/2021,18.31,4400.64
7/29/2021,17.7,4419.15
7/30/2021,18.24,4395.26
8/2/2021,19.46,4387.16
8/3/2021,18.04,4423.15
8/4/2021,17.97,4402.66
8/5/2021,17.28,4429.1
8/6/2021,16.15,4436.52
8/9/2021,16.72,4432.35
8/10/2021,16.79,4436.75
8/11/2021,16.06,4447.7
8/12/2021,15.59,4460.83
8/13/2021,15.45,4468
8/16/2021,16.12,4479.71
8/17/2021,17.91,4448.08
8/18/2021,21.57,4400.27
8/19/2021,21.67,4405.8
8/20/2021,18.56,4441.67
8/23/2021,17.15,4479.53
8/24/2021,17.22,4486.23
8/25/2021,16.79,4496.19
8/26/2021,18.84,4470
8/27/2021,16.39,4509.37
8/30/2021,16.19,4528.79
8/31/2021,16.48,4522.68
9/1/2021,16.11,4524.09
9/2/2021,16.41,4536.95
9/3/2021,16.41,4535.43
9/6/2021,16.41,4535.43
9/7/2021,18.14,4520.03
9/8/2021,17.96,4514.07
9/9/2021,18.8,4493.28
9/10/2021,20.95,4458.58
9/13/2021,19.37,4468.73
9/14/2021,19.46,4443.05
9/15/2021,18.18,4480.7
9/16/2021,18.69,4473.75
9/17/2021,20.81,4432.99
9/20/2021,25.71,4357.73
9/21/2021,24.36,4354.19
9/22/2021,20.87,4395.64
9/23/2021,18.63,4448.98
9/24/2021,17.75,4455.48
9/27/2021,18.76,4443.11
9/28/2021,23.25,4352.63
9/29/2021,22.56,4359.46
9/30/2021,23.14,4307.54
10/1/2021,21.15,4357.04
10/4/2021,22.96,4300.46
10/5/2021,21.3,4345.72
10/6/2021,21,4363.55
10/7/2021,19.54,4399.76
10/8/2021,18.77,4391.34
10/11/2021,20,4361.19
10/12/2021,19.85,4350.65
10/13/2021,18.64,4363.8
10/14/2021,16.86,4438.26
10/15/2021,16.3,4471.37
10/18/2021,16.31,4486.46
10/19/2021,15.7,4519.63
10/20/2021,15.49,4536.19
10/21/2021,15.01,4549.78
10/22/2021,15.43,4544.9
10/25/2021,15.24,4566.48
10/26/2021,15.98,4574.79
10/27/2021,16.98,4551.68
10/28/2021,16.53,4596.42
10/29/2021,16.26,4605.38
11/1/2021,16.41,4613.67
11/2/2021,16.03,4630.65
11/3/2021,15.1,4660.57
11/4/2021,15.44,4680.06
11/5/2021,16.48,4697.53
11/8/2021,17.22,4701.7
11/9/2021,17.78,4685.25
11/10/2021,18.73,4646.71
11/11/2021,17.66,4649.27
11/12/2021,16.29,4682.85
11/15/2021,16.49,4682.8
11/16/2021,16.37,4700.9
11/17/2021,17.11,4688.67
11/18/2021,17.59,4704.54
11/19/2021,17.91,4697.96
11/22/2021,19.17,4682.94
11/23/2021,19.38,4690.7
11/24/2021,18.58,4701.46
11/25/2021,18.58,4701.46
11/26/2021,28.62,4594.62
11/29/2021,22.96,4655.27
11/30/2021,27.19,4567
12/1/2021,31.12,4513.04
12/2/2021,27.95,4577.1
12/3/2021,30.67,4538.43
12/6/2021,27.18,4591.67
12/7/2021,21.89,4686.75
12/8/2021,19.9,4701.21
12/9/2021,21.58,4667.45
12/10/2021,18.69,4712.02
12/13/2021,20.31,4668.97
12/14/2021,21.89,4634.09
12/15/2021,19.29,4709.85
12/16/2021,20.57,4668.67
12/17/2021,21.57,4620.64
12/20/2021,22.87,4568.02
12/21/2021,21.01,4649.23
12/22/2021,18.63,4696.56
12/23/2021,17.96,4725.79
12/24/2021,17.96,4725.79
12/27/2021,17.68,4791.19
12/28/2021,17.54,4786.35
12/29/2021,16.95,4793.06
12/30/2021,17.33,4778.73
12/31/2021,17.22,4766.18
1/3/2022,16.6,4796.56
